id,latitude,longitude,radius_km,is_on_land,county,distance_to_land_meters,twd97_x,twd97_y,grid_row,grid_col
1,24.415942,121.273576,3,TRUE,台中市,0,277743.9,2701116.2,63,39
2,24.415841,121.324813,3,TRUE,台中市,0,282940.1,2701116.2,63,40
3,24.41568,120.607484,3,TRUE,台中市,0,210194,2701116.2,63,26
4,24.375431,121.196657,3,TRUE,台中市,0,269949.7,2696616.2,62,38
5,24.375356,121.247878,3,TRUE,台中市,0,275145.9,2696616.2,62,39
6,24.375263,121.299099,3,TRUE,台中市,0,280342,2696616.2,62,40
7,24.37523,120.684441,3,TRUE,台中市,0,217988.2,2696616.2,62,28
8,24.375153,121.35032,3,TRUE,台中市,0,285538.2,2696616.2,62,41
9,24.375115,120.63322,3,TRUE,台中市,0,212792,2696616.2,62,27
10,24.375026,121.40154,3,TRUE,台中市,0,290734.3,2696616.2,62,42
11,24.374982,120.582,3,TRUE,台中市,0,207595.9,2696616.2,62,26
12,24.334831,121.170991,3,TRUE,台中市,0,267351.6,2692116.2,61,37
13,24.334764,121.222196,3,TRUE,台中市,0,272547.8,2692116.2,61,38
14,24.334681,121.273401,3,TRUE,台中市,0,277743.9,2692116.2,61,39
15,24.33465,120.710144,3,TRUE,台中市,0,220586.3,2692116.2,61,28
16,24.33458,121.324606,3,TRUE,台中市,0,282940.1,2692116.2,61,40
17,24.334544,120.658939,3,TRUE,台中市,0,215390.1,2692116.2,61,27
18,24.334462,121.37581,3,TRUE,台中市,0,288136.2,2692116.2,61,41
19,24.33442,120.607735,3,TRUE,台中市,0,210194,2692116.2,61,26
20,24.334326,121.427014,3,TRUE,台中市,0,293332.4,2692116.2,61,42
21,24.334279,120.556531,3,TRUE,台中市,0,204997.8,2692116.2,61,25
22,24.294295,120.991775,3,TRUE,台中市,0,249165.1,2687616.2,60,34
23,24.29429,121.042964,3,TRUE,台中市,0,254361.3,2687616.2,60,35
24,24.294284,120.940586,3,TRUE,台中市,0,243968.9,2687616.2,60,33
25,24.294267,121.094153,3,TRUE,台中市,0,259557.4,2687616.2,60,36
26,24.294226,121.145342,3,TRUE,台中市,0,264753.6,2687616.2,60,37
27,24.294169,121.196531,3,TRUE,台中市,0,269949.7,2687616.2,60,38
28,24.294146,120.787019,3,TRUE,台中市,0,228380.5,2687616.2,60,30
29,24.294094,121.24772,3,TRUE,台中市,0,275145.9,2687616.2,60,39
30,24.294066,120.735831,3,TRUE,台中市,0,223184.3,2687616.2,60,29
31,24.294002,121.298908,3,TRUE,台中市,0,280342,2687616.2,60,40
32,24.293968,120.684642,3,TRUE,台中市,0,217988.2,2687616.2,60,28
33,24.293892,121.350096,3,TRUE,台中市,0,285538.2,2687616.2,60,41
34,24.293854,120.633454,3,TRUE,台中市,0,212792,2687616.2,60,27
35,24.293721,120.582266,3,TRUE,台中市,0,207595.9,2687616.2,60,26
36,24.293572,120.531079,3,TRUE,台中市,0,202399.7,2687616.2,60,25
37,24.253663,121.017364,3,TRUE,台中市,0,251763.2,2683116.2,59,34
38,24.25366,120.966191,3,TRUE,台中市,0,246567,2683116.2,59,33
39,24.253649,121.068537,3,TRUE,台中市,0,256959.3,2683116.2,59,35
40,24.25364,120.915018,3,TRUE,台中市,0,241370.9,2683116.2,59,32
41,24.253617,121.11971,3,TRUE,台中市,0,262155.5,2683116.2,59,36
42,24.253603,120.863846,3,TRUE,台中市,0,236174.7,2683116.2,59,31
43,24.253568,121.170882,3,TRUE,台中市,0,267351.6,2683116.2,59,37
44,24.253549,120.812673,3,TRUE,台中市,0,230978.6,2683116.2,59,30
45,24.253502,121.222055,3,TRUE,台中市,0,272547.8,2683116.2,59,38
46,24.253477,120.761501,3,TRUE,台中市,0,225782.4,2683116.2,59,29
47,24.253419,121.273227,3,TRUE,台中市,0,277743.9,2683116.2,59,39
48,24.253388,120.710328,3,TRUE,台中市,0,220586.3,2683116.2,59,28
49,24.253318,121.324399,3,TRUE,台中市,0,282940.1,2683116.2,59,40
50,24.253282,120.659156,3,TRUE,台中市,0,215390.1,2683116.2,59,27
51,24.253159,120.607985,3,TRUE,台中市,0,210194,2683116.2,59,26
52,24.253019,120.556814,3,TRUE,台中市,0,204997.8,2683116.2,59,25
53,24.252861,120.505643,3,TRUE,台中市,0,199801.7,2683116.2,59,24
54,24.213032,120.99178,3,TRUE,台中市,0,249165.1,2678616.2,58,34
55,24.213026,121.042937,3,TRUE,台中市,0,254361.3,2678616.2,58,35
56,24.213021,120.940624,3,TRUE,台中市,0,243968.9,2678616.2,58,33
57,24.213003,121.094093,3,TRUE,台中市,0,259557.4,2678616.2,58,36
58,24.212992,120.889467,3,TRUE,台中市,0,238772.8,2678616.2,58,32
59,24.212963,121.14525,3,TRUE,台中市,0,264753.6,2678616.2,58,37
60,24.212946,120.838311,3,TRUE,台中市,0,233576.6,2678616.2,58,31
61,24.212883,120.787154,3,TRUE,台中市,0,228380.5,2678616.2,58,30
62,24.212803,120.735998,3,TRUE,台中市,0,223184.3,2678616.2,58,29
63,24.212706,120.684842,3,TRUE,台中市,0,217988.2,2678616.2,58,28
64,24.212592,120.633687,3,TRUE,台中市,0,212792,2678616.2,58,27
65,24.21246,120.582532,3,TRUE,台中市,0,207595.9,2678616.2,58,26
66,24.212311,120.531377,3,TRUE,台中市,0,202399.7,2678616.2,58,25
67,24.212145,120.480222,3,TRUE,台中市,0,197203.6,2678616.2,58,24
68,24.172399,121.017353,3,TRUE,台中市,0,251763.2,2674116.2,57,34
69,24.172396,120.966213,3,TRUE,台中市,0,246567,2674116.2,57,33
70,24.172385,121.068494,3,TRUE,台中市,0,256959.3,2674116.2,57,35
71,24.172376,120.915072,3,TRUE,台中市,0,241370.9,2674116.2,57,32
72,24.172339,120.863932,3,TRUE,台中市,0,236174.7,2674116.2,57,31
73,24.172285,120.812792,3,TRUE,台中市,0,230978.6,2674116.2,57,30
74,24.172214,120.761652,3,TRUE,台中市,0,225782.4,2674116.2,57,29
75,24.172125,120.710512,3,TRUE,台中市,0,220586.3,2674116.2,57,28
76,24.17202,120.659373,3,TRUE,台中市,0,215390.1,2674116.2,57,27
77,24.171897,120.608233,3,TRUE,台中市,0,210194,2674116.2,57,26
78,24.171757,120.557095,3,TRUE,台中市,0,204997.8,2674116.2,57,25
79,24.131768,120.991786,3,TRUE,台中市,0,249165.1,2669616.2,56,34
80,24.131756,120.940661,3,TRUE,台中市,0,243968.9,2669616.2,56,33
81,24.131728,120.889537,3,TRUE,台中市,0,238772.8,2669616.2,56,32
82,24.131682,120.838413,3,TRUE,台中市,0,233576.6,2669616.2,56,31
83,24.13162,120.787289,3,TRUE,台中市,0,228380.5,2669616.2,56,30
84,24.13154,120.736165,3,TRUE,台中市,0,223184.3,2669616.2,56,29
85,24.131443,120.685042,3,TRUE,台中市,0,217988.2,2669616.2,56,28
86,24.131329,120.633919,3,TRUE,台中市,0,212792,2669616.2,56,27
87,24.131198,120.582796,3,TRUE,台中市,0,207595.9,2669616.2,56,26
88,24.13105,120.531673,3,TRUE,台中市,0,202399.7,2669616.2,56,25
89,24.091021,120.81291,3,TRUE,台中市,0,230978.6,2665116.2,55,30
90,24.09095,120.761802,3,TRUE,台中市,0,225782.4,2665116.2,55,29
91,24.090862,120.710695,3,TRUE,台中市,0,220586.3,2665116.2,55,28
92,24.090756,120.659588,3,TRUE,台中市,0,215390.1,2665116.2,55,27
93,24.050355,120.787423,3,TRUE,台中市,0,228380.5,2660616.2,54,30
94,24.050276,120.736332,3,TRUE,台中市,0,223184.3,2660616.2,54,29
95,24.050179,120.68524,3,TRUE,台中市,0,217988.2,2660616.2,54,28
96,24.050065,120.63415,3,TRUE,台中市,0,212792,2660616.2,54,27
97,24.009685,120.761952,3,TRUE,台中市,0,225782.4,2656116.2,53,29
98,24.009597,120.710877,3,TRUE,台中市,0,220586.3,2656116.2,53,28
99,25.187081,121.558826,3,TRUE,台北市,0,306322.8,2786616.2,82,45
100,25.146728,121.481336,3,TRUE,台北市,0,298528.5,2782116.2,81,43
101,25.146551,121.532873,3,TRUE,台北市,0,303724.7,2782116.2,81,44
102,25.146357,121.584409,3,TRUE,台北市,0,308920.9,2782116.2,81,45
103,25.106016,121.506937,3,TRUE,台北市,0,301126.6,2777616.2,80,44
104,25.105831,121.558456,3,TRUE,台北市,0,306322.8,2777616.2,80,45
105,25.0653,121.532521,3,TRUE,台北市,0,303724.7,2773116.2,79,44
106,25.065107,121.584023,3,TRUE,台北市,0,308920.9,2773116.2,79,45
107,25.024765,121.506602,3,TRUE,台北市,0,301126.6,2768616.2,78,44
108,25.02458,121.558088,3,TRUE,台北市,0,306322.8,2768616.2,78,45
109,25.024378,121.609573,3,TRUE,台北市,0,311518.9,2768616.2,78,46
110,25.024158,121.661058,3,TRUE,台北市,0,316715.1,2768616.2,78,47
111,24.983856,121.583639,3,TRUE,台北市,0,308920.9,2764116.2,77,45
112,23.399704,121.449379,3,TRUE,台東縣,0,295930.5,2588616.2,38,43
113,23.35914,121.423831,3,TRUE,台東縣,0,293332.4,2584116.2,37,42
114,23.318571,121.398299,3,TRUE,台東縣,0,290734.3,2579616.2,36,42
115,23.318433,121.449106,3,TRUE,台東縣,0,295930.5,2579616.2,36,43
116,23.278439,121.017235,3,TRUE,台東縣,0,251763.2,2575116.2,35,34
117,23.277868,121.423574,3,TRUE,台東縣,0,293332.4,2575116.2,35,42
118,23.237803,120.991841,3,TRUE,台東縣,0,249165.1,2570616.2,34,34
119,23.237797,121.042619,3,TRUE,台東縣,0,254361.3,2570616.2,34,35
120,23.237792,120.941064,3,TRUE,台東縣,0,243968.9,2570616.2,34,33
121,23.237299,121.398057,3,TRUE,台東縣,0,290734.3,2570616.2,34,42
122,23.197165,121.017225,3,TRUE,台東縣,0,251763.2,2566116.2,33,34
123,23.197162,120.966463,3,TRUE,台東縣,0,246567,2566116.2,33,33
124,23.197151,121.067987,3,TRUE,台東縣,0,256959.3,2566116.2,33,35
125,23.197143,120.915701,3,TRUE,台東縣,0,241370.9,2566116.2,33,32
126,23.197121,121.118749,3,TRUE,台東縣,0,262155.5,2566116.2,33,36
127,23.197075,121.169511,3,TRUE,台東縣,0,267351.6,2566116.2,33,37
128,23.196725,121.372557,3,TRUE,台東縣,0,288136.2,2566116.2,33,41
129,23.156528,120.991846,3,TRUE,台東縣,0,249165.1,2561616.2,32,34
130,23.156523,121.042593,3,TRUE,台東縣,0,254361.3,2561616.2,32,35
131,23.156518,120.941099,3,TRUE,台東縣,0,243968.9,2561616.2,32,33
132,23.156501,121.09334,3,TRUE,台東縣,0,259557.4,2561616.2,32,36
133,23.15649,120.890353,3,TRUE,台東縣,0,238772.8,2561616.2,32,32
134,23.156463,121.144086,3,TRUE,台東縣,0,264753.6,2561616.2,32,37
135,23.156408,121.194833,3,TRUE,台東縣,0,269949.7,2561616.2,32,38
136,23.156146,121.347071,3,TRUE,台東縣,0,285538.2,2561616.2,32,41
137,23.156026,121.397817,3,TRUE,台東縣,0,290734.3,2561616.2,32,42
138,23.11589,121.017214,3,TRUE,台東縣,0,251763.2,2557116.2,31,34
139,23.115887,120.966483,3,TRUE,台東縣,0,246567,2557116.2,31,33
140,23.115876,121.067946,3,TRUE,台東縣,0,256959.3,2557116.2,31,35
141,23.115868,120.915751,3,TRUE,台東縣,0,241370.9,2557116.2,31,32
142,23.115846,121.118677,3,TRUE,台東縣,0,262155.5,2557116.2,31,36
143,23.1158,121.169409,3,TRUE,台東縣,0,267351.6,2557116.2,31,37
144,23.115737,121.22014,3,TRUE,台東縣,0,272547.8,2557116.2,31,38
145,23.115563,121.321601,3,TRUE,台東縣,0,282940.1,2557116.2,31,40
146,23.115452,121.372332,3,TRUE,台東縣,0,288136.2,2557116.2,31,41
147,23.075253,120.991851,3,TRUE,台東縣,0,249165.1,2552616.2,30,34
148,23.075247,121.042567,3,TRUE,台東縣,0,254361.3,2552616.2,30,35
149,23.075242,120.941135,3,TRUE,台東縣,0,243968.9,2552616.2,30,33
150,23.075226,121.093284,3,TRUE,台東縣,0,259557.4,2552616.2,30,36
151,23.075215,120.890419,3,TRUE,台東縣,0,238772.8,2552616.2,30,32
152,23.075187,121.144,3,TRUE,台東縣,0,264753.6,2552616.2,30,37
153,23.075133,121.194716,3,TRUE,台東縣,0,269949.7,2552616.2,30,38
154,23.075062,121.245431,3,TRUE,台東縣,0,275145.9,2552616.2,30,39
155,23.074976,121.296147,3,TRUE,台東縣,0,280342,2552616.2,30,40
156,23.074872,121.346862,3,TRUE,台東縣,0,285538.2,2552616.2,30,41
157,23.034614,121.017204,3,TRUE,台東縣,0,251763.2,2548116.2,29,34
158,23.034612,120.966503,3,TRUE,台東縣,0,246567,2548116.2,29,33
159,23.0346,121.067905,3,TRUE,台東縣,0,256959.3,2548116.2,29,35
160,23.034593,120.915802,3,TRUE,台東縣,0,241370.9,2548116.2,29,32
161,23.034571,121.118606,3,TRUE,台東縣,0,262155.5,2548116.2,29,36
162,23.034524,121.169307,3,TRUE,台東縣,0,267351.6,2548116.2,29,37
163,23.034462,121.220008,3,TRUE,台東縣,0,272547.8,2548116.2,29,38
164,23.034383,121.270708,3,TRUE,台東縣,0,277743.9,2548116.2,29,39
165,23.034289,121.321408,3,TRUE,台東縣,0,282940.1,2548116.2,29,40
166,22.993977,120.991856,3,TRUE,台東縣,0,249165.1,2543616.2,28,34
167,22.993971,121.042542,3,TRUE,台東縣,0,254361.3,2543616.2,28,35
168,22.993966,120.94117,3,TRUE,台東縣,0,243968.9,2543616.2,28,33
169,22.993949,121.093228,3,TRUE,台東縣,0,259557.4,2543616.2,28,36
170,22.993939,120.890484,3,TRUE,台東縣,0,238772.8,2543616.2,28,32
171,22.993911,121.143913,3,TRUE,台東縣,0,264753.6,2543616.2,28,37
172,22.993857,121.194599,3,TRUE,台東縣,0,269949.7,2543616.2,28,38
173,22.993787,121.245284,3,TRUE,台東縣,0,275145.9,2543616.2,28,39
174,22.9937,121.29597,3,TRUE,台東縣,0,280342,2543616.2,28,40
175,22.953337,121.017194,3,TRUE,台東縣,0,251763.2,2539116.2,27,34
176,22.953335,120.966523,3,TRUE,台東縣,0,246567,2539116.2,27,33
177,22.953324,121.067864,3,TRUE,台東縣,0,256959.3,2539116.2,27,35
178,22.953316,120.915852,3,TRUE,台東縣,0,241370.9,2539116.2,27,32
179,22.953294,121.118535,3,TRUE,台東縣,0,262155.5,2539116.2,27,36
180,22.953281,120.865182,3,TRUE,台東縣,0,236174.7,2539116.2,27,31
181,22.953248,121.169206,3,TRUE,台東縣,0,267351.6,2539116.2,27,37
182,22.953186,121.219876,3,TRUE,台東縣,0,272547.8,2539116.2,27,38
183,22.953108,121.270546,3,TRUE,台東縣,0,277743.9,2539116.2,27,39
184,22.912699,120.991861,3,TRUE,台東縣,0,249165.1,2534616.2,26,34
185,22.912694,121.042516,3,TRUE,台東縣,0,254361.3,2534616.2,26,35
186,22.912689,120.941205,3,TRUE,台東縣,0,243968.9,2534616.2,26,33
187,22.912672,121.093172,3,TRUE,台東縣,0,259557.4,2534616.2,26,36
188,22.912662,120.89055,3,TRUE,台東縣,0,238772.8,2534616.2,26,32
189,22.912635,121.143827,3,TRUE,台東縣,0,264753.6,2534616.2,26,37
190,22.912619,120.839894,3,TRUE,台東縣,0,233576.6,2534616.2,26,31
191,22.912581,121.194483,3,TRUE,台東縣,0,269949.7,2534616.2,26,38
192,22.912511,121.245138,3,TRUE,台東縣,0,275145.9,2534616.2,26,39
193,22.87206,121.017183,3,TRUE,台東縣,0,251763.2,2530116.2,25,34
194,22.872057,120.966543,3,TRUE,台東縣,0,246567,2530116.2,25,33
195,22.872046,121.067824,3,TRUE,台東縣,0,256959.3,2530116.2,25,35
196,22.872039,120.915903,3,TRUE,台東縣,0,241370.9,2530116.2,25,32
197,22.872017,121.118464,3,TRUE,台東縣,0,262155.5,2530116.2,25,36
198,22.872004,120.865262,3,TRUE,台東縣,0,236174.7,2530116.2,25,31
199,22.871971,121.169105,3,TRUE,台東縣,0,267351.6,2530116.2,25,37
200,22.871909,121.219745,3,TRUE,台東縣,0,272547.8,2530116.2,25,38
201,22.831422,120.991866,3,TRUE,台東縣,0,249165.1,2525616.2,24,34
202,22.831416,121.042491,3,TRUE,台東縣,0,254361.3,2525616.2,24,35
203,22.831411,120.94124,3,TRUE,台東縣,0,243968.9,2525616.2,24,33
204,22.831395,121.093117,3,TRUE,台東縣,0,259557.4,2525616.2,24,36
205,22.831384,120.890615,3,TRUE,台東縣,0,238772.8,2525616.2,24,32
206,22.831357,121.143742,3,TRUE,台東縣,0,264753.6,2525616.2,24,37
207,22.790782,121.017173,3,TRUE,台東縣,0,251763.2,2521116.2,23,34
208,22.790779,120.966563,3,TRUE,台東縣,0,246567,2521116.2,23,33
209,22.790768,121.067784,3,TRUE,台東縣,0,256959.3,2521116.2,23,35
210,22.79076,120.915952,3,TRUE,台東縣,0,241370.9,2521116.2,23,32
211,22.790739,121.118394,3,TRUE,台東縣,0,262155.5,2521116.2,23,36
212,22.790693,121.169004,3,TRUE,台東縣,0,267351.6,2521116.2,23,37
213,22.750143,120.99187,3,TRUE,台東縣,0,249165.1,2516616.2,22,34
214,22.750137,121.042466,3,TRUE,台東縣,0,254361.3,2516616.2,22,35
215,22.750132,120.941275,3,TRUE,台東縣,0,243968.9,2516616.2,22,33
216,22.750116,121.093061,3,TRUE,台東縣,0,259557.4,2516616.2,22,36
217,22.750078,121.143657,3,TRUE,台東縣,0,264753.6,2516616.2,22,37
218,22.709502,121.017163,3,TRUE,台東縣,0,251763.2,2512116.2,21,34
219,22.7095,120.966583,3,TRUE,台東縣,0,246567,2512116.2,21,33
220,22.709489,121.067744,3,TRUE,台東縣,0,256959.3,2512116.2,21,35
221,22.709481,120.916002,3,TRUE,台東縣,0,241370.9,2512116.2,21,32
222,22.709447,120.865422,3,TRUE,台東縣,0,236174.7,2512116.2,21,31
223,22.668863,120.991875,3,TRUE,台東縣,0,249165.1,2507616.2,20,34
224,22.668853,120.94131,3,TRUE,台東縣,0,243968.9,2507616.2,20,33
225,22.668826,120.890744,3,TRUE,台東縣,0,238772.8,2507616.2,20,32
226,22.668784,120.840179,3,TRUE,台東縣,0,233576.6,2507616.2,20,31
227,22.668725,120.789613,3,TRUE,台東縣,0,228380.5,2507616.2,20,30
228,22.668091,121.497524,3,TRUE,台東縣,0,301126.6,2507616.2,20,44
229,22.62822,120.966602,3,TRUE,台東縣,0,246567,2503116.2,19,33
230,22.628201,120.916052,3,TRUE,台東縣,0,241370.9,2503116.2,19,32
231,22.628167,120.865501,3,TRUE,台東縣,0,236174.7,2503116.2,19,31
232,22.628117,120.814951,3,TRUE,台東縣,0,230978.6,2503116.2,19,30
233,22.62805,120.7644,3,TRUE,台東縣,0,225782.4,2503116.2,19,29
234,22.587583,120.99188,3,TRUE,台東縣,0,249165.1,2498616.2,18,34
235,22.587572,120.941344,3,TRUE,台東縣,0,243968.9,2498616.2,18,33
236,22.587546,120.890808,3,TRUE,台東縣,0,238772.8,2498616.2,18,32
237,22.587504,120.840273,3,TRUE,台東縣,0,233576.6,2498616.2,18,31
238,22.587445,120.789737,3,TRUE,台東縣,0,228380.5,2498616.2,18,30
239,22.546939,120.966622,3,TRUE,台東縣,0,246567,2494116.2,17,33
240,22.546921,120.916101,3,TRUE,台東縣,0,241370.9,2494116.2,17,32
241,22.546886,120.86558,3,TRUE,台東縣,0,236174.7,2494116.2,17,31
242,22.546836,120.815059,3,TRUE,台東縣,0,230978.6,2494116.2,17,30
243,22.54677,120.764538,3,TRUE,台東縣,0,225782.4,2494116.2,17,29
244,22.506291,120.941379,3,TRUE,台東縣,0,243968.9,2489616.2,16,33
245,22.506265,120.890872,3,TRUE,台東縣,0,238772.8,2489616.2,16,32
246,22.506223,120.840366,3,TRUE,台東縣,0,233576.6,2489616.2,16,31
247,22.506165,120.78986,3,TRUE,台東縣,0,228380.5,2489616.2,16,30
248,22.465639,120.91615,3,TRUE,台東縣,0,241370.9,2485116.2,15,32
249,22.465605,120.865658,3,TRUE,台東縣,0,236174.7,2485116.2,15,31
250,22.465555,120.815167,3,TRUE,台東縣,0,230978.6,2485116.2,15,30
251,22.465489,120.764676,3,TRUE,台東縣,0,225782.4,2485116.2,15,29
252,22.424983,120.890936,3,TRUE,台東縣,0,238772.8,2480616.2,14,32
253,22.424941,120.840459,3,TRUE,台東縣,0,233576.6,2480616.2,14,31
254,22.424883,120.789983,3,TRUE,台東縣,0,228380.5,2480616.2,14,30
255,22.384323,120.865737,3,TRUE,台東縣,0,236174.7,2476116.2,13,31
256,22.384273,120.815275,3,TRUE,台東縣,0,230978.6,2476116.2,13,30
257,22.384207,120.764813,3,TRUE,台東縣,0,225782.4,2476116.2,13,29
258,22.3437,120.890999,3,TRUE,台東縣,0,238772.8,2471616.2,12,32
259,22.343658,120.840552,3,TRUE,台東縣,0,233576.6,2471616.2,12,31
260,22.343601,120.790105,3,TRUE,台東縣,0,228380.5,2471616.2,12,30
261,22.30304,120.865814,3,TRUE,台東縣,0,236174.7,2467116.2,11,31
262,22.30299,120.815382,3,TRUE,台東縣,0,230978.6,2467116.2,11,30
263,22.262417,120.891062,3,TRUE,台東縣,0,238772.8,2462616.2,10,32
264,22.262375,120.840644,3,TRUE,台東縣,0,233576.6,2462616.2,10,31
265,22.058413,121.520535,3,TRUE,台東縣,0,303724.7,2440116.2,5,44
266,22.017514,121.59588,3,TRUE,台東縣,0,311518.9,2435616.2,4,46
267,23.39932,120.43261,3,TRUE,台南市,0,192007.4,2588616.2,38,23
268,23.399127,120.381774,3,TRUE,台南市,0,186811.3,2588616.2,38,22
269,23.358943,120.509015,3,TRUE,台南市,0,199801.7,2584116.2,37,24
270,23.358776,120.458194,3,TRUE,台南市,0,194605.5,2584116.2,37,23
271,23.358592,120.407373,3,TRUE,台南市,0,189409.3,2584116.2,37,22
272,23.358391,120.356552,3,TRUE,台南市,0,184213.2,2584116.2,37,21
273,23.358174,120.305733,3,TRUE,台南市,0,179017,2584116.2,37,20
274,23.318227,120.483761,3,TRUE,台南市,0,197203.6,2579616.2,36,24
275,23.318051,120.432956,3,TRUE,台南市,0,192007.4,2579616.2,36,23
276,23.317859,120.382151,3,TRUE,台南市,0,186811.3,2579616.2,36,22
277,23.317651,120.331346,3,TRUE,台南市,0,181615.1,2579616.2,36,21
278,23.317426,120.280542,3,TRUE,台南市,0,176419,2579616.2,36,20
279,23.316652,120.128134,3,TRUE,台南市,0,160830.5,2579616.2,36,17
280,23.277673,120.509313,3,TRUE,台南市,0,199801.7,2575116.2,35,24
281,23.277506,120.458523,3,TRUE,台南市,0,194605.5,2575116.2,35,23
282,23.277323,120.407733,3,TRUE,台南市,0,189409.3,2575116.2,35,22
283,23.277123,120.356943,3,TRUE,台南市,0,184213.2,2575116.2,35,21
284,23.276906,120.306155,3,TRUE,台南市,0,179017,2575116.2,35,20
285,23.276674,120.255366,3,TRUE,台南市,0,173820.9,2575116.2,35,19
286,23.276424,120.204579,3,TRUE,台南市,0,168624.7,2575116.2,35,18
287,23.276159,120.153792,3,TRUE,台南市,0,163428.6,2575116.2,35,17
288,23.275877,120.103006,3,TRUE,台南市,0,158232.4,2575116.2,35,16
289,23.236956,120.484075,3,TRUE,台南市,0,197203.6,2570616.2,34,24
290,23.236781,120.4333,3,TRUE,台南市,0,192007.4,2570616.2,34,23
291,23.23659,120.382525,3,TRUE,台南市,0,186811.3,2570616.2,34,22
292,23.236382,120.331752,3,TRUE,台南市,0,181615.1,2570616.2,34,21
293,23.236158,120.280978,3,TRUE,台南市,0,176419,2570616.2,34,20
294,23.235918,120.230206,3,TRUE,台南市,0,171222.8,2570616.2,34,19
295,23.235661,120.179434,3,TRUE,台南市,0,166026.7,2570616.2,34,18
296,23.235387,120.128663,3,TRUE,台南市,0,160830.5,2570616.2,34,17
297,23.196685,120.611131,3,TRUE,台南市,0,210194,2566116.2,33,26
298,23.196552,120.560371,3,TRUE,台南市,0,204997.8,2566116.2,33,25
299,23.196402,120.50961,3,TRUE,台南市,0,199801.7,2566116.2,33,24
300,23.196235,120.458851,3,TRUE,台南市,0,194605.5,2566116.2,33,23
301,23.196053,120.408092,3,TRUE,台南市,0,189409.3,2566116.2,33,22
302,23.195854,120.357333,3,TRUE,台南市,0,184213.2,2566116.2,33,21
303,23.195638,120.306575,3,TRUE,台南市,0,179017,2566116.2,33,20
304,23.195406,120.255817,3,TRUE,台南市,0,173820.9,2566116.2,33,19
305,23.195158,120.20506,3,TRUE,台南市,0,168624.7,2566116.2,33,18
306,23.194893,120.154304,3,TRUE,台南市,0,163428.6,2566116.2,33,17
307,23.194612,120.103549,3,TRUE,台南市,0,158232.4,2566116.2,33,16
308,23.155984,120.585876,3,TRUE,台南市,0,207595.9,2561616.2,32,26
309,23.155843,120.535131,3,TRUE,台南市,0,202399.7,2561616.2,32,25
310,23.155685,120.484386,3,TRUE,台南市,0,197203.6,2561616.2,32,24
311,23.155511,120.433642,3,TRUE,台南市,0,192007.4,2561616.2,32,23
312,23.15532,120.382898,3,TRUE,台南市,0,186811.3,2561616.2,32,22
313,23.155113,120.332155,3,TRUE,台南市,0,181615.1,2561616.2,32,21
314,23.15489,120.281413,3,TRUE,台南市,0,176419,2561616.2,32,20
315,23.15465,120.230671,3,TRUE,台南市,0,171222.8,2561616.2,32,19
316,23.154395,120.17993,3,TRUE,台南市,0,166026.7,2561616.2,32,18
317,23.154122,120.129189,3,TRUE,台南市,0,160830.5,2561616.2,32,17
318,23.153834,120.07845,3,TRUE,台南市,0,155634.4,2561616.2,32,16
319,23.115279,120.560636,3,TRUE,台南市,0,204997.8,2557116.2,31,25
320,23.11513,120.509906,3,TRUE,台南市,0,199801.7,2557116.2,31,24
321,23.114964,120.459177,3,TRUE,台南市,0,194605.5,2557116.2,31,23
322,23.114782,120.408448,3,TRUE,台南市,0,189409.3,2557116.2,31,22
323,23.114584,120.35772,3,TRUE,台南市,0,184213.2,2557116.2,31,21
324,23.114369,120.306993,3,TRUE,台南市,0,179017,2557116.2,31,20
325,23.114138,120.256266,3,TRUE,台南市,0,173820.9,2557116.2,31,19
326,23.113891,120.20554,3,TRUE,台南市,0,168624.7,2557116.2,31,18
327,23.113627,120.154814,3,TRUE,台南市,0,163428.6,2557116.2,31,17
328,23.113347,120.10409,3,TRUE,台南市,0,158232.4,2557116.2,31,16
329,23.113051,120.053366,3,TRUE,台南市,0,153036.3,2557116.2,31,15
330,23.07457,120.535411,3,TRUE,台南市,0,202399.7,2552616.2,30,25
331,23.074413,120.484697,3,TRUE,台南市,0,197203.6,2552616.2,30,24
332,23.074239,120.433983,3,TRUE,台南市,0,192007.4,2552616.2,30,23
333,23.074049,120.38327,3,TRUE,台南市,0,186811.3,2552616.2,30,22
334,23.073843,120.332557,3,TRUE,台南市,0,181615.1,2552616.2,30,21
335,23.073621,120.281845,3,TRUE,台南市,0,176419,2552616.2,30,20
336,23.073382,120.231134,3,TRUE,台南市,0,171222.8,2552616.2,30,19
337,23.073127,120.180423,3,TRUE,台南市,0,166026.7,2552616.2,30,18
338,23.072856,120.129714,3,TRUE,台南市,0,160830.5,2552616.2,30,17
339,23.072569,120.079004,3,TRUE,台南市,0,155634.4,2552616.2,30,16
340,23.033692,120.459502,3,TRUE,台南市,0,194605.5,2548116.2,29,23
341,23.03351,120.408804,3,TRUE,台南市,0,189409.3,2548116.2,29,22
342,23.033313,120.358106,3,TRUE,台南市,0,184213.2,2548116.2,29,21
343,23.033099,120.307409,3,TRUE,台南市,0,179017,2548116.2,29,20
344,23.032869,120.256713,3,TRUE,台南市,0,173820.9,2548116.2,29,19
345,23.032623,120.206017,3,TRUE,台南市,0,168624.7,2548116.2,29,18
346,23.03236,120.155322,3,TRUE,台南市,0,163428.6,2548116.2,29,17
347,23.032081,120.104628,3,TRUE,台南市,0,158232.4,2548116.2,29,16
348,22.992967,120.434322,3,TRUE,台南市,0,192007.4,2543616.2,28,23
349,22.992778,120.38364,3,TRUE,台南市,0,186811.3,2543616.2,28,22
350,22.992573,120.332957,3,TRUE,台南市,0,181615.1,2543616.2,28,21
351,22.992351,120.282276,3,TRUE,台南市,0,176419,2543616.2,28,20
352,22.992113,120.231595,3,TRUE,台南市,0,171222.8,2543616.2,28,19
353,22.991859,120.180915,3,TRUE,台南市,0,166026.7,2543616.2,28,18
354,22.952238,120.409158,3,TRUE,台南市,0,189409.3,2539116.2,27,22
355,22.952041,120.35849,3,TRUE,台南市,0,184213.2,2539116.2,27,21
356,22.951828,120.307823,3,TRUE,台南市,0,179017,2539116.2,27,20
357,22.951599,120.257157,3,TRUE,台南市,0,173820.9,2539116.2,27,19
358,22.951354,120.206492,3,TRUE,台南市,0,168624.7,2539116.2,27,18
359,22.911301,120.333356,3,TRUE,台南市,0,181615.1,2534616.2,26,21
360,22.91108,120.282704,3,TRUE,台南市,0,176419,2534616.2,26,20
361,22.910844,120.232054,3,TRUE,台南市,0,171222.8,2534616.2,26,19
362,24.982007,121.9439,3,TRUE,宜蘭縣,0,345293.9,2764116.2,77,52
363,24.941853,121.86642,3,TRUE,宜蘭縣,0,337499.7,2759616.2,76,51
364,24.901377,121.840421,3,TRUE,宜蘭縣,0,334901.6,2755116.2,75,50
365,24.860895,121.814438,3,TRUE,宜蘭縣,0,332303.5,2750616.2,74,50
366,24.820671,121.737075,3,TRUE,宜蘭縣,0,324509.3,2746116.2,73,48
367,24.820409,121.788474,3,TRUE,宜蘭縣,0,329705.5,2746116.2,73,49
368,24.780622,121.608377,3,TRUE,宜蘭縣,0,311518.9,2741616.2,72,46
369,24.780405,121.659761,3,TRUE,宜蘭縣,0,316715.1,2741616.2,72,47
370,24.78017,121.711144,3,TRUE,宜蘭縣,0,321911.2,2741616.2,72,48
371,24.779917,121.762526,3,TRUE,宜蘭縣,0,327107.4,2741616.2,72,49
372,24.779646,121.813907,3,TRUE,宜蘭縣,0,332303.5,2741616.2,72,50
373,24.739889,121.633863,3,TRUE,宜蘭縣,0,314117,2737116.2,71,46
374,24.739663,121.685229,3,TRUE,宜蘭縣,0,319313.2,2737116.2,71,47
375,24.73942,121.736595,3,TRUE,宜蘭縣,0,324509.3,2737116.2,71,48
376,24.739158,121.78796,3,TRUE,宜蘭縣,0,329705.5,2737116.2,71,49
377,24.699568,121.556631,3,TRUE,宜蘭縣,0,306322.8,2732616.2,70,45
378,24.699369,121.607982,3,TRUE,宜蘭縣,0,311518.9,2732616.2,70,46
379,24.699152,121.659332,3,TRUE,宜蘭縣,0,316715.1,2732616.2,70,47
380,24.698918,121.710682,3,TRUE,宜蘭縣,0,321911.2,2732616.2,70,48
381,24.698666,121.762031,3,TRUE,宜蘭縣,0,327107.4,2732616.2,70,49
382,24.698396,121.813379,3,TRUE,宜蘭縣,0,332303.5,2732616.2,70,50
383,24.659206,121.479449,3,TRUE,宜蘭縣,0,298528.5,2728116.2,69,43
384,24.659033,121.530783,3,TRUE,宜蘭縣,0,303724.7,2728116.2,69,44
385,24.658843,121.582118,3,TRUE,宜蘭縣,0,308920.9,2728116.2,69,45
386,24.658636,121.633452,3,TRUE,宜蘭縣,0,314117,2728116.2,69,46
387,24.65841,121.684785,3,TRUE,宜蘭縣,0,319313.2,2728116.2,69,47
388,24.658168,121.736118,3,TRUE,宜蘭縣,0,324509.3,2728116.2,69,48
389,24.657907,121.787449,3,TRUE,宜蘭縣,0,329705.5,2728116.2,69,49
390,24.65763,121.838781,3,TRUE,宜蘭縣,0,334901.6,2728116.2,69,50
391,24.618657,121.453634,3,TRUE,宜蘭縣,0,295930.5,2723616.2,68,43
392,24.618494,121.504953,3,TRUE,宜蘭縣,0,301126.6,2723616.2,68,44
393,24.618313,121.556271,3,TRUE,宜蘭縣,0,306322.8,2723616.2,68,45
394,24.618114,121.607588,3,TRUE,宜蘭縣,0,311518.9,2723616.2,68,46
395,24.617898,121.658905,3,TRUE,宜蘭縣,0,316715.1,2723616.2,68,47
396,24.617665,121.710222,3,TRUE,宜蘭縣,0,321911.2,2723616.2,68,48
397,24.617414,121.761537,3,TRUE,宜蘭縣,0,327107.4,2723616.2,68,49
398,24.617145,121.812852,3,TRUE,宜蘭縣,0,332303.5,2723616.2,68,50
399,24.578104,121.427837,3,TRUE,宜蘭縣,0,293332.4,2719116.2,67,42
400,24.577949,121.479139,3,TRUE,宜蘭縣,0,298528.5,2719116.2,67,43
401,24.577777,121.530441,3,TRUE,宜蘭縣,0,303724.7,2719116.2,67,44
402,24.577588,121.581742,3,TRUE,宜蘭縣,0,308920.9,2719116.2,67,45
403,24.577381,121.633043,3,TRUE,宜蘭縣,0,314117,2719116.2,67,46
404,24.577157,121.684343,3,TRUE,宜蘭縣,0,319313.2,2719116.2,67,47
405,24.576915,121.735642,3,TRUE,宜蘭縣,0,324509.3,2719116.2,67,48
406,24.576656,121.786941,3,TRUE,宜蘭縣,0,329705.5,2719116.2,67,49
407,24.576379,121.838239,3,TRUE,宜蘭縣,0,334901.6,2719116.2,67,50
408,24.537545,121.402056,3,TRUE,宜蘭縣,0,290734.3,2714616.2,66,42
409,24.5374,121.453342,3,TRUE,宜蘭縣,0,295930.5,2714616.2,66,43
410,24.537237,121.504627,3,TRUE,宜蘭縣,0,301126.6,2714616.2,66,44
411,24.537056,121.555912,3,TRUE,宜蘭縣,0,306322.8,2714616.2,66,45
412,24.536859,121.607197,3,TRUE,宜蘭縣,0,311518.9,2714616.2,66,46
413,24.536644,121.65848,3,TRUE,宜蘭縣,0,316715.1,2714616.2,66,47
414,24.536411,121.709764,3,TRUE,宜蘭縣,0,321911.2,2714616.2,66,48
415,24.536161,121.761046,3,TRUE,宜蘭縣,0,327107.4,2714616.2,66,49
416,24.535893,121.812328,3,TRUE,宜蘭縣,0,332303.5,2714616.2,66,50
417,24.535608,121.863609,3,TRUE,宜蘭縣,0,337499.7,2714616.2,66,51
418,24.496982,121.376292,3,TRUE,宜蘭縣,0,288136.2,2710116.2,65,41
419,24.496845,121.427561,3,TRUE,宜蘭縣,0,293332.4,2710116.2,65,42
420,24.496691,121.47883,3,TRUE,宜蘭縣,0,298528.5,2710116.2,65,43
421,24.49652,121.530099,3,TRUE,宜蘭縣,0,303724.7,2710116.2,65,44
422,24.496332,121.581367,3,TRUE,宜蘭縣,0,308920.9,2710116.2,65,45
423,24.496125,121.632635,3,TRUE,宜蘭縣,0,314117,2710116.2,65,46
424,24.495902,121.683902,3,TRUE,宜蘭縣,0,319313.2,2710116.2,65,47
425,24.495661,121.735169,3,TRUE,宜蘭縣,0,324509.3,2710116.2,65,48
426,24.495403,121.786434,3,TRUE,宜蘭縣,0,329705.5,2710116.2,65,49
427,24.495127,121.837699,3,TRUE,宜蘭縣,0,334901.6,2710116.2,65,50
428,24.456414,121.350544,3,TRUE,宜蘭縣,0,285538.2,2705616.2,64,41
429,24.456286,121.401798,3,TRUE,宜蘭縣,0,290734.3,2705616.2,64,42
430,24.456141,121.45305,3,TRUE,宜蘭縣,0,295930.5,2705616.2,64,43
431,24.455979,121.504303,3,TRUE,宜蘭縣,0,301126.6,2705616.2,64,44
432,24.455799,121.555555,3,TRUE,宜蘭縣,0,306322.8,2705616.2,64,45
433,24.455602,121.606806,3,TRUE,宜蘭縣,0,311518.9,2705616.2,64,46
434,24.455388,121.658057,3,TRUE,宜蘭縣,0,316715.1,2705616.2,64,47
435,24.455156,121.709308,3,TRUE,宜蘭縣,0,321911.2,2705616.2,64,48
436,24.454907,121.760557,3,TRUE,宜蘭縣,0,327107.4,2705616.2,64,49
437,24.454641,121.811806,3,TRUE,宜蘭縣,0,332303.5,2705616.2,64,50
438,24.415722,121.37605,3,TRUE,宜蘭縣,0,288136.2,2701116.2,63,41
439,24.415586,121.427287,3,TRUE,宜蘭縣,0,293332.4,2701116.2,63,42
440,24.415433,121.478523,3,TRUE,宜蘭縣,0,298528.5,2701116.2,63,43
441,24.415262,121.529759,3,TRUE,宜蘭縣,0,303724.7,2701116.2,63,44
442,24.415074,121.580995,3,TRUE,宜蘭縣,0,308920.9,2701116.2,63,45
443,24.414869,121.632229,3,TRUE,宜蘭縣,0,314117,2701116.2,63,46
444,24.414646,121.683464,3,TRUE,宜蘭縣,0,319313.2,2701116.2,63,47
445,24.414406,121.734697,3,TRUE,宜蘭縣,0,324509.3,2701116.2,63,48
446,24.414149,121.78593,3,TRUE,宜蘭縣,0,329705.5,2701116.2,63,49
447,24.374882,121.45276,3,TRUE,宜蘭縣,0,295930.5,2696616.2,62,43
448,24.37472,121.50398,3,TRUE,宜蘭縣,0,301126.6,2696616.2,62,44
449,24.374541,121.555199,3,TRUE,宜蘭縣,0,306322.8,2696616.2,62,45
450,24.374345,121.606418,3,TRUE,宜蘭縣,0,311518.9,2696616.2,62,46
451,24.374132,121.657636,3,TRUE,宜蘭縣,0,316715.1,2696616.2,62,47
452,24.373901,121.708854,3,TRUE,宜蘭縣,0,321911.2,2696616.2,62,48
453,24.373653,121.760071,3,TRUE,宜蘭縣,0,327107.4,2696616.2,62,49
454,24.333816,121.580623,3,TRUE,宜蘭縣,0,308920.9,2692116.2,61,45
455,24.333151,121.734228,3,TRUE,宜蘭縣,0,324509.3,2692116.2,61,48
456,24.334174,121.478218,3,TRUE,花蓮縣,0,298528.5,2692116.2,61,43
457,24.334004,121.529421,3,TRUE,花蓮縣,0,303724.7,2692116.2,61,44
458,24.333612,121.631826,3,TRUE,花蓮縣,0,314117,2692116.2,61,46
459,24.33339,121.683027,3,TRUE,花蓮縣,0,319313.2,2692116.2,61,47
460,24.293766,121.401284,3,TRUE,花蓮縣,0,290734.3,2687616.2,60,42
461,24.293622,121.452472,3,TRUE,花蓮縣,0,295930.5,2687616.2,60,43
462,24.293461,121.503659,3,TRUE,花蓮縣,0,301126.6,2687616.2,60,44
463,24.293283,121.554845,3,TRUE,花蓮縣,0,306322.8,2687616.2,60,45
464,24.293087,121.606031,3,TRUE,花蓮縣,0,311518.9,2687616.2,60,46
465,24.292874,121.657217,3,TRUE,花蓮縣,0,316715.1,2687616.2,60,47
466,24.292644,121.708402,3,TRUE,花蓮縣,0,321911.2,2687616.2,60,48
467,24.2532,121.375571,3,TRUE,花蓮縣,0,288136.2,2683116.2,59,41
468,24.253066,121.426742,3,TRUE,花蓮縣,0,293332.4,2683116.2,59,42
469,24.252913,121.477913,3,TRUE,花蓮縣,0,298528.5,2683116.2,59,43
470,24.252744,121.529084,3,TRUE,花蓮縣,0,303724.7,2683116.2,59,44
471,24.252557,121.580254,3,TRUE,花蓮縣,0,308920.9,2683116.2,59,45
472,24.252354,121.631423,3,TRUE,花蓮縣,0,314117,2683116.2,59,46
473,24.252133,121.682592,3,TRUE,花蓮縣,0,319313.2,2683116.2,59,47
474,24.251895,121.733761,3,TRUE,花蓮縣,0,324509.3,2683116.2,59,48
475,24.21263,121.349874,3,TRUE,花蓮縣,0,285538.2,2678616.2,58,41
476,24.212504,121.401029,3,TRUE,花蓮縣,0,290734.3,2678616.2,58,42
477,24.212361,121.452184,3,TRUE,花蓮縣,0,295930.5,2678616.2,58,43
478,24.212201,121.503339,3,TRUE,花蓮縣,0,301126.6,2678616.2,58,44
479,24.212023,121.554493,3,TRUE,花蓮縣,0,306322.8,2678616.2,58,45
480,24.211828,121.605646,3,TRUE,花蓮縣,0,311518.9,2678616.2,58,46
481,24.211616,121.656799,3,TRUE,花蓮縣,0,316715.1,2678616.2,58,47
482,24.172056,121.324194,3,TRUE,花蓮縣,0,282940.1,2674116.2,57,40
483,24.171938,121.375333,3,TRUE,花蓮縣,0,288136.2,2674116.2,57,41
484,24.171804,121.426472,3,TRUE,花蓮縣,0,293332.4,2674116.2,57,42
485,24.171652,121.47761,3,TRUE,花蓮縣,0,298528.5,2674116.2,57,43
486,24.171484,121.528748,3,TRUE,花蓮縣,0,303724.7,2674116.2,57,44
487,24.171298,121.579886,3,TRUE,花蓮縣,0,308920.9,2674116.2,57,45
488,24.171095,121.631023,3,TRUE,花蓮縣,0,314117,2674116.2,57,46
489,24.131476,121.298529,3,TRUE,花蓮縣,0,280342,2669616.2,56,40
490,24.131368,121.349653,3,TRUE,花蓮縣,0,285538.2,2669616.2,56,41
491,24.131242,121.400776,3,TRUE,花蓮縣,0,290734.3,2669616.2,56,42
492,24.131099,121.451898,3,TRUE,花蓮縣,0,295930.5,2669616.2,56,43
493,24.130939,121.50302,3,TRUE,花蓮縣,0,301126.6,2669616.2,56,44
494,24.130762,121.554142,3,TRUE,花蓮縣,0,306322.8,2669616.2,56,45
495,24.130568,121.605263,3,TRUE,花蓮縣,0,311518.9,2669616.2,56,46
496,24.130357,121.656384,3,TRUE,花蓮縣,0,316715.1,2669616.2,56,47
497,24.090792,121.323989,3,TRUE,花蓮縣,0,282940.1,2665116.2,55,40
498,24.090675,121.375096,3,TRUE,花蓮縣,0,288136.2,2665116.2,55,41
499,24.090541,121.426202,3,TRUE,花蓮縣,0,293332.4,2665116.2,55,42
500,24.09039,121.477309,3,TRUE,花蓮縣,0,298528.5,2665116.2,55,43
501,24.090222,121.528414,3,TRUE,花蓮縣,0,303724.7,2665116.2,55,44
502,24.090037,121.57952,3,TRUE,花蓮縣,0,308920.9,2665116.2,55,45
503,24.050212,121.298341,3,TRUE,花蓮縣,0,280342,2660616.2,54,40
504,24.050104,121.349432,3,TRUE,花蓮縣,0,285538.2,2660616.2,54,41
505,24.049979,121.400523,3,TRUE,花蓮縣,0,290734.3,2660616.2,54,42
506,24.049836,121.451613,3,TRUE,花蓮縣,0,295930.5,2660616.2,54,43
507,24.049677,121.502703,3,TRUE,花蓮縣,0,301126.6,2660616.2,54,44
508,24.049501,121.553793,3,TRUE,花蓮縣,0,306322.8,2660616.2,54,45
509,24.049308,121.604882,3,TRUE,花蓮縣,0,311518.9,2660616.2,54,46
510,24.009627,121.27271,3,TRUE,花蓮縣,0,277743.9,2656116.2,53,39
511,24.009528,121.323785,3,TRUE,花蓮縣,0,282940.1,2656116.2,53,40
512,24.009411,121.37486,3,TRUE,花蓮縣,0,288136.2,2656116.2,53,41
513,24.009278,121.425934,3,TRUE,花蓮縣,0,293332.4,2656116.2,53,42
514,24.009127,121.477008,3,TRUE,花蓮縣,0,298528.5,2656116.2,53,43
515,24.00896,121.528082,3,TRUE,花蓮縣,0,303724.7,2656116.2,53,44
516,24.008776,121.579155,3,TRUE,花蓮縣,0,308920.9,2656116.2,53,45
517,24.008574,121.630228,3,TRUE,花蓮縣,0,314117,2656116.2,53,46
518,23.968947,121.298154,3,TRUE,花蓮縣,0,280342,2651616.2,52,40
519,23.968839,121.349213,3,TRUE,花蓮縣,0,285538.2,2651616.2,52,41
520,23.968715,121.400271,3,TRUE,花蓮縣,0,290734.3,2651616.2,52,42
521,23.968573,121.45133,3,TRUE,花蓮縣,0,295930.5,2651616.2,52,43
522,23.968414,121.502388,3,TRUE,花蓮縣,0,301126.6,2651616.2,52,44
523,23.968239,121.553445,3,TRUE,花蓮縣,0,306322.8,2651616.2,52,45
524,23.968046,121.604502,3,TRUE,花蓮縣,0,311518.9,2651616.2,52,46
525,23.928262,121.323582,3,TRUE,花蓮縣,0,282940.1,2647116.2,51,40
526,23.928146,121.374625,3,TRUE,花蓮縣,0,288136.2,2647116.2,51,41
527,23.928014,121.425667,3,TRUE,花蓮縣,0,293332.4,2647116.2,51,42
528,23.927864,121.476709,3,TRUE,花蓮縣,0,298528.5,2647116.2,51,43
529,23.927697,121.527751,3,TRUE,花蓮縣,0,303724.7,2647116.2,51,44
530,23.927513,121.578792,3,TRUE,花蓮縣,0,308920.9,2647116.2,51,45
531,23.887681,121.297967,3,TRUE,花蓮縣,0,280342,2642616.2,50,40
532,23.887574,121.348994,3,TRUE,花蓮縣,0,285538.2,2642616.2,50,41
533,23.88745,121.400021,3,TRUE,花蓮縣,0,290734.3,2642616.2,50,42
534,23.887308,121.451047,3,TRUE,花蓮縣,0,295930.5,2642616.2,50,43
535,23.88715,121.502073,3,TRUE,花蓮縣,0,301126.6,2642616.2,50,44
536,23.886975,121.553099,3,TRUE,花蓮縣,0,306322.8,2642616.2,50,45
537,23.847095,121.272369,3,TRUE,花蓮縣,0,277743.9,2638116.2,49,39
538,23.846996,121.32338,3,TRUE,花蓮縣,0,282940.1,2638116.2,49,40
539,23.846881,121.374391,3,TRUE,花蓮縣,0,288136.2,2638116.2,49,41
540,23.846748,121.425401,3,TRUE,花蓮縣,0,293332.4,2638116.2,49,42
541,23.846599,121.476412,3,TRUE,花蓮縣,0,298528.5,2638116.2,49,43
542,23.846433,121.527421,3,TRUE,花蓮縣,0,303724.7,2638116.2,49,44
543,23.84625,121.578431,3,TRUE,花蓮縣,0,308920.9,2638116.2,49,45
544,23.806504,121.246786,3,TRUE,花蓮縣,0,275145.9,2633616.2,48,39
545,23.806414,121.297782,3,TRUE,花蓮縣,0,280342,2633616.2,48,40
546,23.806307,121.348777,3,TRUE,花蓮縣,0,285538.2,2633616.2,48,41
547,23.806184,121.399772,3,TRUE,花蓮縣,0,290734.3,2633616.2,48,42
548,23.806043,121.450766,3,TRUE,花蓮縣,0,295930.5,2633616.2,48,43
549,23.805886,121.50176,3,TRUE,花蓮縣,0,301126.6,2633616.2,48,44
550,23.805711,121.552754,3,TRUE,花蓮縣,0,306322.8,2633616.2,48,45
551,23.765909,121.221219,3,TRUE,花蓮縣,0,272547.8,2629116.2,47,38
552,23.765828,121.272199,3,TRUE,花蓮縣,0,277743.9,2629116.2,47,39
553,23.765729,121.323179,3,TRUE,花蓮縣,0,282940.1,2629116.2,47,40
554,23.765614,121.374158,3,TRUE,花蓮縣,0,288136.2,2629116.2,47,41
555,23.765482,121.425137,3,TRUE,花蓮縣,0,293332.4,2629116.2,47,42
556,23.765334,121.476115,3,TRUE,花蓮縣,0,298528.5,2629116.2,47,43
557,23.765168,121.527093,3,TRUE,花蓮縣,0,303724.7,2629116.2,47,44
558,23.725236,121.246633,3,TRUE,花蓮縣,0,275145.9,2624616.2,46,39
559,23.725147,121.297597,3,TRUE,花蓮縣,0,280342,2624616.2,46,40
560,23.72504,121.34856,3,TRUE,花蓮縣,0,285538.2,2624616.2,46,41
561,23.724917,121.399523,3,TRUE,花蓮縣,0,290734.3,2624616.2,46,42
562,23.724777,121.450486,3,TRUE,花蓮縣,0,295930.5,2624616.2,46,43
563,23.72462,121.501449,3,TRUE,花蓮縣,0,301126.6,2624616.2,46,44
564,23.724447,121.552411,3,TRUE,花蓮縣,0,306322.8,2624616.2,46,45
565,23.684559,121.272031,3,TRUE,花蓮縣,0,277743.9,2620116.2,45,39
566,23.684462,121.322978,3,TRUE,花蓮縣,0,282940.1,2620116.2,45,40
567,23.684347,121.373926,3,TRUE,花蓮縣,0,288136.2,2620116.2,45,41
568,23.684216,121.424873,3,TRUE,花蓮縣,0,293332.4,2620116.2,45,42
569,23.684067,121.47582,3,TRUE,花蓮縣,0,298528.5,2620116.2,45,43
570,23.683903,121.526767,3,TRUE,花蓮縣,0,303724.7,2620116.2,45,44
571,23.643968,121.24648,3,TRUE,花蓮縣,0,275145.9,2615616.2,44,39
572,23.643878,121.297413,3,TRUE,花蓮縣,0,280342,2615616.2,44,40
573,23.643772,121.348345,3,TRUE,花蓮縣,0,285538.2,2615616.2,44,41
574,23.643649,121.399276,3,TRUE,花蓮縣,0,290734.3,2615616.2,44,42
575,23.64351,121.450208,3,TRUE,花蓮縣,0,295930.5,2615616.2,44,43
576,23.643354,121.501139,3,TRUE,花蓮縣,0,301126.6,2615616.2,44,44
577,23.603371,121.220946,3,TRUE,花蓮縣,0,272547.8,2611116.2,43,38
578,23.60329,121.271863,3,TRUE,花蓮縣,0,277743.9,2611116.2,43,39
579,23.603193,121.322779,3,TRUE,花蓮縣,0,282940.1,2611116.2,43,40
580,23.603079,121.373695,3,TRUE,花蓮縣,0,288136.2,2611116.2,43,41
581,23.602948,121.424611,3,TRUE,花蓮縣,0,293332.4,2611116.2,43,42
582,23.6028,121.475527,3,TRUE,花蓮縣,0,298528.5,2611116.2,43,43
583,23.602636,121.526442,3,TRUE,花蓮縣,0,303724.7,2611116.2,43,44
584,23.56277,121.195427,3,TRUE,花蓮縣,0,269949.7,2606616.2,42,38
585,23.562698,121.246328,3,TRUE,花蓮縣,0,275145.9,2606616.2,42,39
586,23.562609,121.297229,3,TRUE,花蓮縣,0,280342,2606616.2,42,40
587,23.562503,121.34813,3,TRUE,花蓮縣,0,285538.2,2606616.2,42,41
588,23.562381,121.39903,3,TRUE,花蓮縣,0,290734.3,2606616.2,42,42
589,23.562242,121.44993,3,TRUE,花蓮縣,0,295930.5,2606616.2,42,43
590,23.562087,121.50083,3,TRUE,花蓮縣,0,301126.6,2606616.2,42,44
591,23.522165,121.169924,3,TRUE,花蓮縣,0,267351.6,2602116.2,41,37
592,23.522101,121.22081,3,TRUE,花蓮縣,0,272547.8,2602116.2,41,38
593,23.522021,121.271695,3,TRUE,花蓮縣,0,277743.9,2602116.2,41,39
594,23.521923,121.322581,3,TRUE,花蓮縣,0,282940.1,2602116.2,41,40
595,23.52181,121.373465,3,TRUE,花蓮縣,0,288136.2,2602116.2,41,41
596,23.521679,121.42435,3,TRUE,花蓮縣,0,293332.4,2602116.2,41,42
597,23.521532,121.475234,3,TRUE,花蓮縣,0,298528.5,2602116.2,41,43
598,23.481594,121.093567,3,TRUE,花蓮縣,0,259557.4,2597616.2,40,36
599,23.481555,121.144437,3,TRUE,花蓮縣,0,264753.6,2597616.2,40,37
600,23.4815,121.195307,3,TRUE,花蓮縣,0,269949.7,2597616.2,40,38
601,23.481428,121.246177,3,TRUE,花蓮縣,0,275145.9,2597616.2,40,39
602,23.481339,121.297047,3,TRUE,花蓮縣,0,280342,2597616.2,40,40
603,23.481234,121.347916,3,TRUE,花蓮縣,0,285538.2,2597616.2,40,41
604,23.481112,121.398785,3,TRUE,花蓮縣,0,290734.3,2597616.2,40,42
605,23.480973,121.449654,3,TRUE,花蓮縣,0,295930.5,2597616.2,40,43
606,23.480818,121.500523,3,TRUE,花蓮縣,0,301126.6,2597616.2,40,44
607,23.440971,121.068111,3,TRUE,花蓮縣,0,256959.3,2593116.2,39,35
608,23.440941,121.118966,3,TRUE,花蓮縣,0,262155.5,2593116.2,39,36
609,23.440894,121.16982,3,TRUE,花蓮縣,0,267351.6,2593116.2,39,37
610,23.44083,121.220675,3,TRUE,花蓮縣,0,272547.8,2593116.2,39,38
611,23.44075,121.271529,3,TRUE,花蓮縣,0,277743.9,2593116.2,39,39
612,23.440653,121.322383,3,TRUE,花蓮縣,0,282940.1,2593116.2,39,40
613,23.44054,121.373237,3,TRUE,花蓮縣,0,288136.2,2593116.2,39,41
614,23.44041,121.42409,3,TRUE,花蓮縣,0,293332.4,2593116.2,39,42
615,23.440263,121.474943,3,TRUE,花蓮縣,0,298528.5,2593116.2,39,43
616,23.400344,121.042671,3,TRUE,花蓮縣,0,254361.3,2588616.2,38,35
617,23.400322,121.09351,3,TRUE,花蓮縣,0,259557.4,2588616.2,38,36
618,23.400283,121.144349,3,TRUE,花蓮縣,0,264753.6,2588616.2,38,37
619,23.400228,121.195188,3,TRUE,花蓮縣,0,269949.7,2588616.2,38,38
620,23.400156,121.246027,3,TRUE,花蓮縣,0,275145.9,2588616.2,38,39
621,23.400068,121.296865,3,TRUE,花蓮縣,0,280342,2588616.2,38,40
622,23.399963,121.347704,3,TRUE,花蓮縣,0,285538.2,2588616.2,38,41
623,23.399842,121.398542,3,TRUE,花蓮縣,0,290734.3,2588616.2,38,42
624,23.359713,121.017246,3,TRUE,花蓮縣,0,251763.2,2584116.2,37,34
625,23.359699,121.068069,3,TRUE,花蓮縣,0,256959.3,2584116.2,37,35
626,23.359668,121.118893,3,TRUE,花蓮縣,0,262155.5,2584116.2,37,36
627,23.359621,121.169717,3,TRUE,花蓮縣,0,267351.6,2584116.2,37,37
628,23.359558,121.22054,3,TRUE,花蓮縣,0,272547.8,2584116.2,37,38
629,23.359478,121.271363,3,TRUE,花蓮縣,0,277743.9,2584116.2,37,39
630,23.359382,121.322186,3,TRUE,花蓮縣,0,282940.1,2584116.2,37,40
631,23.359269,121.373009,3,TRUE,花蓮縣,0,288136.2,2584116.2,37,41
632,23.319049,121.093453,3,TRUE,花蓮縣,0,259557.4,2579616.2,36,36
633,23.319011,121.144261,3,TRUE,花蓮縣,0,264753.6,2579616.2,36,37
634,23.318956,121.195069,3,TRUE,花蓮縣,0,269949.7,2579616.2,36,38
635,23.318884,121.245877,3,TRUE,花蓮縣,0,275145.9,2579616.2,36,39
636,23.318796,121.296685,3,TRUE,花蓮縣,0,280342,2579616.2,36,40
637,23.318692,121.347492,3,TRUE,花蓮縣,0,285538.2,2579616.2,36,41
638,23.278425,121.068028,3,TRUE,花蓮縣,0,256959.3,2575116.2,35,35
639,23.278395,121.118821,3,TRUE,花蓮縣,0,262155.5,2575116.2,35,36
640,23.278348,121.169614,3,TRUE,花蓮縣,0,267351.6,2575116.2,35,37
641,23.278285,121.220406,3,TRUE,花蓮縣,0,272547.8,2575116.2,35,38
642,23.278206,121.271198,3,TRUE,花蓮縣,0,277743.9,2575116.2,35,39
643,23.27811,121.32199,3,TRUE,花蓮縣,0,282940.1,2575116.2,35,40
644,23.277997,121.372782,3,TRUE,花蓮縣,0,288136.2,2575116.2,35,41
645,23.237775,121.093396,3,TRUE,花蓮縣,0,259557.4,2570616.2,34,36
646,23.237737,121.144173,3,TRUE,花蓮縣,0,264753.6,2570616.2,34,37
647,23.237682,121.194951,3,TRUE,花蓮縣,0,269949.7,2570616.2,34,38
648,23.237611,121.245728,3,TRUE,花蓮縣,0,275145.9,2570616.2,34,39
649,23.237523,121.296505,3,TRUE,花蓮縣,0,280342,2570616.2,34,40
650,23.237419,121.347281,3,TRUE,花蓮縣,0,285538.2,2570616.2,34,41
651,23.197012,121.220273,3,TRUE,花蓮縣,0,272547.8,2566116.2,33,38
652,23.196933,121.271034,3,TRUE,花蓮縣,0,277743.9,2566116.2,33,39
653,23.196837,121.321796,3,TRUE,花蓮縣,0,282940.1,2566116.2,33,40
654,23.156337,121.245579,3,TRUE,花蓮縣,0,275145.9,2561616.2,32,39
655,23.15625,121.296325,3,TRUE,花蓮縣,0,280342,2561616.2,32,40
656,23.115658,121.270871,3,TRUE,花蓮縣,0,277743.9,2557116.2,31,39
657,24.212906,121.196406,3,TRUE,南投縣,0,269949.7,2678616.2,58,38
658,24.212831,121.247562,3,TRUE,南投縣,0,275145.9,2678616.2,58,39
659,24.212739,121.298718,3,TRUE,南投縣,0,280342,2678616.2,58,40
660,24.172353,121.119634,3,TRUE,南投縣,0,262155.5,2674116.2,57,36
661,24.172305,121.170774,3,TRUE,南投縣,0,267351.6,2674116.2,57,37
662,24.172239,121.221914,3,TRUE,南投縣,0,272547.8,2674116.2,57,38
663,24.172156,121.273054,3,TRUE,南投縣,0,277743.9,2674116.2,57,39
664,24.131762,121.04291,3,TRUE,南投縣,0,254361.3,2669616.2,56,35
665,24.131739,121.094034,3,TRUE,南投縣,0,259557.4,2669616.2,56,36
666,24.131699,121.145158,3,TRUE,南投縣,0,264753.6,2669616.2,56,37
667,24.131642,121.196282,3,TRUE,南投縣,0,269949.7,2669616.2,56,38
668,24.131567,121.247406,3,TRUE,南投縣,0,275145.9,2669616.2,56,39
669,24.091134,121.017342,3,TRUE,南投縣,0,251763.2,2665116.2,55,34
670,24.091132,120.966234,3,TRUE,南投縣,0,246567,2665116.2,55,33
671,24.09112,121.06845,3,TRUE,南投縣,0,256959.3,2665116.2,55,35
672,24.091112,120.915126,3,TRUE,南投縣,0,241370.9,2665116.2,55,32
673,24.091089,121.119558,3,TRUE,南投縣,0,262155.5,2665116.2,55,36
674,24.091075,120.864018,3,TRUE,南投縣,0,236174.7,2665116.2,55,31
675,24.09104,121.170666,3,TRUE,南投縣,0,267351.6,2665116.2,55,37
676,24.090974,121.221774,3,TRUE,南投縣,0,272547.8,2665116.2,55,38
677,24.090892,121.272881,3,TRUE,南投縣,0,277743.9,2665116.2,55,39
678,24.050502,120.991791,3,TRUE,南投縣,0,249165.1,2660616.2,54,34
679,24.050497,121.042883,3,TRUE,南投縣,0,254361.3,2660616.2,54,35
680,24.050491,120.940699,3,TRUE,南投縣,0,243968.9,2660616.2,54,33
681,24.050474,121.093975,3,TRUE,南投縣,0,259557.4,2660616.2,54,36
682,24.050463,120.889607,3,TRUE,南投縣,0,238772.8,2660616.2,54,32
683,24.050434,121.145067,3,TRUE,南投縣,0,264753.6,2660616.2,54,37
684,24.050417,120.838515,3,TRUE,南投縣,0,233576.6,2660616.2,54,31
685,24.050377,121.196158,3,TRUE,南投縣,0,269949.7,2660616.2,54,38
686,24.050303,121.24725,3,TRUE,南投縣,0,275145.9,2660616.2,54,39
687,24.009869,121.017331,3,TRUE,南投縣,0,251763.2,2656116.2,53,34
688,24.009866,120.966255,3,TRUE,南投縣,0,246567,2656116.2,53,33
689,24.009854,121.068407,3,TRUE,南投縣,0,256959.3,2656116.2,53,35
690,24.009846,120.915179,3,TRUE,南投縣,0,241370.9,2656116.2,53,32
691,24.009823,121.119483,3,TRUE,南投縣,0,262155.5,2656116.2,53,36
692,24.009809,120.864104,3,TRUE,南投縣,0,236174.7,2656116.2,53,31
693,24.009775,121.170559,3,TRUE,南投縣,0,267351.6,2656116.2,53,37
694,24.009756,120.813028,3,TRUE,南投縣,0,230978.6,2656116.2,53,30
695,24.009709,121.221634,3,TRUE,南投縣,0,272547.8,2656116.2,53,38
696,23.969236,120.991796,3,TRUE,南投縣,0,249165.1,2651616.2,52,34
697,23.96923,121.042856,3,TRUE,南投縣,0,254361.3,2651616.2,52,35
698,23.969225,120.940736,3,TRUE,南投縣,0,243968.9,2651616.2,52,33
699,23.969208,121.093916,3,TRUE,南投縣,0,259557.4,2651616.2,52,36
700,23.969197,120.889676,3,TRUE,南投縣,0,238772.8,2651616.2,52,32
701,23.969168,121.144975,3,TRUE,南投縣,0,264753.6,2651616.2,52,37
702,23.969152,120.838616,3,TRUE,南投縣,0,233576.6,2651616.2,52,31
703,23.969111,121.196035,3,TRUE,南投縣,0,269949.7,2651616.2,52,38
704,23.969089,120.787557,3,TRUE,南投縣,0,228380.5,2651616.2,52,30
705,23.969038,121.247095,3,TRUE,南投縣,0,275145.9,2651616.2,52,39
706,23.96901,120.736497,3,TRUE,南投縣,0,223184.3,2651616.2,52,29
707,23.968914,120.685438,3,TRUE,南投縣,0,217988.2,2651616.2,52,28
708,23.928602,121.01732,3,TRUE,南投縣,0,251763.2,2647116.2,51,34
709,23.928599,120.966276,3,TRUE,南投縣,0,246567,2647116.2,51,33
710,23.928588,121.068364,3,TRUE,南投縣,0,256959.3,2647116.2,51,35
711,23.92858,120.915233,3,TRUE,南投縣,0,241370.9,2647116.2,51,32
712,23.928557,121.119408,3,TRUE,南投縣,0,262155.5,2647116.2,51,36
713,23.928543,120.864189,3,TRUE,南投縣,0,236174.7,2647116.2,51,31
714,23.928509,121.170452,3,TRUE,南投縣,0,267351.6,2647116.2,51,37
715,23.92849,120.813145,3,TRUE,南投縣,0,230978.6,2647116.2,51,30
716,23.928443,121.221495,3,TRUE,南投縣,0,272547.8,2647116.2,51,38
717,23.928419,120.762102,3,TRUE,南投縣,0,225782.4,2647116.2,51,29
718,23.928361,121.272539,3,TRUE,南投縣,0,277743.9,2647116.2,51,39
719,23.928331,120.711058,3,TRUE,南投縣,0,220586.3,2647116.2,51,28
720,23.928227,120.660015,3,TRUE,南投縣,0,215390.1,2647116.2,51,27
721,23.887969,120.991801,3,TRUE,南投縣,0,249165.1,2642616.2,50,34
722,23.887964,121.042829,3,TRUE,南投縣,0,254361.3,2642616.2,50,35
723,23.887958,120.940773,3,TRUE,南投縣,0,243968.9,2642616.2,50,33
724,23.887941,121.093857,3,TRUE,南投縣,0,259557.4,2642616.2,50,36
725,23.88793,120.889745,3,TRUE,南投縣,0,238772.8,2642616.2,50,32
726,23.887901,121.144885,3,TRUE,南投縣,0,264753.6,2642616.2,50,37
727,23.887885,120.838717,3,TRUE,南投縣,0,233576.6,2642616.2,50,31
728,23.887845,121.195912,3,TRUE,南投縣,0,269949.7,2642616.2,50,38
729,23.887823,120.78769,3,TRUE,南投縣,0,228380.5,2642616.2,50,30
730,23.887771,121.24694,3,TRUE,南投縣,0,275145.9,2642616.2,50,39
731,23.887744,120.736662,3,TRUE,南投縣,0,223184.3,2642616.2,50,29
732,23.887648,120.685635,3,TRUE,南投縣,0,217988.2,2642616.2,50,28
733,23.887536,120.634608,3,TRUE,南投縣,0,212792,2642616.2,50,27
734,23.847335,121.01731,3,TRUE,南投縣,0,251763.2,2638116.2,49,34
735,23.847332,120.966298,3,TRUE,南投縣,0,246567,2638116.2,49,33
736,23.847321,121.068322,3,TRUE,南投縣,0,256959.3,2638116.2,49,35
737,23.847312,120.915285,3,TRUE,南投縣,0,241370.9,2638116.2,49,32
738,23.84729,121.119334,3,TRUE,南投縣,0,262155.5,2638116.2,49,36
739,23.847276,120.864274,3,TRUE,南投縣,0,236174.7,2638116.2,49,31
740,23.847242,121.170345,3,TRUE,南投縣,0,267351.6,2638116.2,49,37
741,23.847223,120.813262,3,TRUE,南投縣,0,230978.6,2638116.2,49,30
742,23.847177,121.221357,3,TRUE,南投縣,0,272547.8,2638116.2,49,38
743,23.847152,120.76225,3,TRUE,南投縣,0,225782.4,2638116.2,49,29
744,23.847065,120.711239,3,TRUE,南投縣,0,220586.3,2638116.2,49,28
745,23.846961,120.660227,3,TRUE,南投縣,0,215390.1,2638116.2,49,27
746,23.806701,120.991806,3,TRUE,南投縣,0,249165.1,2633616.2,48,34
747,23.806696,121.042802,3,TRUE,南投縣,0,254361.3,2633616.2,48,35
748,23.80669,120.94081,3,TRUE,南投縣,0,243968.9,2633616.2,48,33
749,23.806673,121.093798,3,TRUE,南投縣,0,259557.4,2633616.2,48,36
750,23.806662,120.889814,3,TRUE,南投縣,0,238772.8,2633616.2,48,32
751,23.806634,121.144794,3,TRUE,南投縣,0,264753.6,2633616.2,48,37
752,23.806618,120.838818,3,TRUE,南投縣,0,233576.6,2633616.2,48,31
753,23.806577,121.19579,3,TRUE,南投縣,0,269949.7,2633616.2,48,38
754,23.806556,120.787822,3,TRUE,南投縣,0,228380.5,2633616.2,48,30
755,23.806477,120.736826,3,TRUE,南投縣,0,223184.3,2633616.2,48,29
756,23.806382,120.685831,3,TRUE,南投縣,0,217988.2,2633616.2,48,28
757,23.766067,121.017299,3,TRUE,南投縣,0,251763.2,2629116.2,47,34
758,23.766064,120.966318,3,TRUE,南投縣,0,246567,2629116.2,47,33
759,23.766052,121.068279,3,TRUE,南投縣,0,256959.3,2629116.2,47,35
760,23.766044,120.915338,3,TRUE,南投縣,0,241370.9,2629116.2,47,32
761,23.766021,121.119259,3,TRUE,南投縣,0,262155.5,2629116.2,47,36
762,23.766008,120.864358,3,TRUE,南投縣,0,236174.7,2629116.2,47,31
763,23.765974,121.170239,3,TRUE,南投縣,0,267351.6,2629116.2,47,37
764,23.765955,120.813378,3,TRUE,南投縣,0,230978.6,2629116.2,47,30
765,23.765885,120.762398,3,TRUE,南投縣,0,225782.4,2629116.2,47,29
766,23.765798,120.711418,3,TRUE,南投縣,0,220586.3,2629116.2,47,28
767,23.765694,120.660439,3,TRUE,南投縣,0,215390.1,2629116.2,47,27
768,23.725433,120.991811,3,TRUE,南投縣,0,249165.1,2624616.2,46,34
769,23.725427,121.042776,3,TRUE,南投縣,0,254361.3,2624616.2,46,35
770,23.725422,120.940847,3,TRUE,南投縣,0,243968.9,2624616.2,46,33
771,23.725405,121.09374,3,TRUE,南投縣,0,259557.4,2624616.2,46,36
772,23.725394,120.889882,3,TRUE,南投縣,0,238772.8,2624616.2,46,32
773,23.725365,121.144705,3,TRUE,南投縣,0,264753.6,2624616.2,46,37
774,23.725349,120.838918,3,TRUE,南投縣,0,233576.6,2624616.2,46,31
775,23.725309,121.195669,3,TRUE,南投縣,0,269949.7,2624616.2,46,38
776,23.725288,120.787954,3,TRUE,南投縣,0,228380.5,2624616.2,46,30
777,23.725209,120.73699,3,TRUE,南投縣,0,223184.3,2624616.2,46,29
778,23.725114,120.686026,3,TRUE,南投縣,0,217988.2,2624616.2,46,28
779,23.684797,121.017288,3,TRUE,南投縣,0,251763.2,2620116.2,45,34
780,23.684795,120.966339,3,TRUE,南投縣,0,246567,2620116.2,45,33
781,23.684783,121.068237,3,TRUE,南投縣,0,256959.3,2620116.2,45,35
782,23.684775,120.915391,3,TRUE,南投縣,0,241370.9,2620116.2,45,32
783,23.684753,121.119185,3,TRUE,南投縣,0,262155.5,2620116.2,45,36
784,23.684739,120.864442,3,TRUE,南投縣,0,236174.7,2620116.2,45,31
785,23.684705,121.170134,3,TRUE,南投縣,0,267351.6,2620116.2,45,37
786,23.684686,120.813494,3,TRUE,南投縣,0,230978.6,2620116.2,45,30
787,23.684641,121.221082,3,TRUE,南投縣,0,272547.8,2620116.2,45,38
788,23.684616,120.762545,3,TRUE,南投縣,0,225782.4,2620116.2,45,29
789,23.68453,120.711597,3,TRUE,南投縣,0,220586.3,2620116.2,45,28
790,23.684427,120.660649,3,TRUE,南投縣,0,215390.1,2620116.2,45,27
791,23.644163,120.991816,3,TRUE,南投縣,0,249165.1,2615616.2,44,34
792,23.644158,121.042749,3,TRUE,南投縣,0,254361.3,2615616.2,44,35
793,23.644152,120.940883,3,TRUE,南投縣,0,243968.9,2615616.2,44,33
794,23.644135,121.093682,3,TRUE,南投縣,0,259557.4,2615616.2,44,36
795,23.644124,120.88995,3,TRUE,南投縣,0,238772.8,2615616.2,44,32
796,23.644096,121.144615,3,TRUE,南投縣,0,264753.6,2615616.2,44,37
797,23.64408,120.839018,3,TRUE,南投縣,0,233576.6,2615616.2,44,31
798,23.64404,121.195548,3,TRUE,南投縣,0,269949.7,2615616.2,44,38
799,23.644019,120.788085,3,TRUE,南投縣,0,228380.5,2615616.2,44,30
800,23.643941,120.737152,3,TRUE,南投縣,0,223184.3,2615616.2,44,29
801,23.643846,120.68622,3,TRUE,南投縣,0,217988.2,2615616.2,44,28
802,23.643735,120.635288,3,TRUE,南投縣,0,212792,2615616.2,44,27
803,23.603527,121.017277,3,TRUE,南投縣,0,251763.2,2611116.2,43,34
804,23.603525,120.96636,3,TRUE,南投縣,0,246567,2611116.2,43,33
805,23.603513,121.068195,3,TRUE,南投縣,0,256959.3,2611116.2,43,35
806,23.603505,120.915443,3,TRUE,南投縣,0,241370.9,2611116.2,43,32
807,23.603483,121.119112,3,TRUE,南投縣,0,262155.5,2611116.2,43,36
808,23.603469,120.864526,3,TRUE,南投縣,0,236174.7,2611116.2,43,31
809,23.603435,121.170029,3,TRUE,南投縣,0,267351.6,2611116.2,43,37
810,23.603417,120.813609,3,TRUE,南投縣,0,230978.6,2611116.2,43,30
811,23.562893,120.991821,3,TRUE,南投縣,0,249165.1,2606616.2,42,34
812,23.562887,121.042723,3,TRUE,南投縣,0,254361.3,2606616.2,42,35
813,23.562882,120.94092,3,TRUE,南投縣,0,243968.9,2606616.2,42,33
814,23.562865,121.093624,3,TRUE,南投縣,0,259557.4,2606616.2,42,36
815,23.562854,120.890018,3,TRUE,南投縣,0,238772.8,2606616.2,42,32
816,23.562826,121.144526,3,TRUE,南投縣,0,264753.6,2606616.2,42,37
817,23.56281,120.839117,3,TRUE,南投縣,0,233576.6,2606616.2,42,31
818,23.522257,121.017267,3,TRUE,南投縣,0,251763.2,2602116.2,41,34
819,23.522254,120.966381,3,TRUE,南投縣,0,246567,2602116.2,41,33
820,23.522243,121.068153,3,TRUE,南投縣,0,256959.3,2602116.2,41,35
821,23.522235,120.915495,3,TRUE,南投縣,0,241370.9,2602116.2,41,32
822,23.522212,121.119039,3,TRUE,南投縣,0,262155.5,2602116.2,41,36
823,23.522199,120.864609,3,TRUE,南投縣,0,236174.7,2602116.2,41,31
824,23.481622,120.991826,3,TRUE,南投縣,0,249165.1,2597616.2,40,34
825,23.481616,121.042697,3,TRUE,南投縣,0,254361.3,2597616.2,40,35
826,23.481611,120.940956,3,TRUE,南投縣,0,243968.9,2597616.2,40,33
827,23.481583,120.890086,3,TRUE,南投縣,0,238772.8,2597616.2,40,32
828,23.481539,120.839215,3,TRUE,南投縣,0,233576.6,2597616.2,40,31
829,23.440985,121.017256,3,TRUE,南投縣,0,251763.2,2593116.2,39,34
830,22.871803,120.713342,3,TRUE,屏東縣,0,220586.3,2530116.2,25,28
831,22.871588,120.612063,3,TRUE,屏東縣,0,210194,2530116.2,25,26
832,22.831341,120.83999,3,TRUE,屏東縣,0,233576.6,2525616.2,24,31
833,22.831283,120.789364,3,TRUE,屏東縣,0,228380.5,2525616.2,24,30
834,22.831208,120.738739,3,TRUE,屏東縣,0,223184.3,2525616.2,24,29
835,22.831116,120.688115,3,TRUE,屏東縣,0,217988.2,2525616.2,24,28
836,22.831009,120.63749,3,TRUE,屏東縣,0,212792,2525616.2,24,27
837,22.830886,120.586866,3,TRUE,屏東縣,0,207595.9,2525616.2,24,26
838,22.830591,120.485619,3,TRUE,屏東縣,0,197203.6,2525616.2,24,24
839,22.790726,120.865342,3,TRUE,屏東縣,0,236174.7,2521116.2,23,31
840,22.790675,120.814732,3,TRUE,屏東縣,0,230978.6,2521116.2,23,30
841,22.790608,120.764122,3,TRUE,屏東縣,0,225782.4,2521116.2,23,29
842,22.790525,120.713512,3,TRUE,屏東縣,0,220586.3,2521116.2,23,28
843,22.790426,120.662903,3,TRUE,屏東縣,0,215390.1,2521116.2,23,27
844,22.790311,120.612293,3,TRUE,屏東縣,0,210194,2521116.2,23,26
845,22.79018,120.561684,3,TRUE,屏東縣,0,204997.8,2521116.2,23,25
846,22.790033,120.511076,3,TRUE,屏東縣,0,199801.7,2521116.2,23,24
847,22.78987,120.460468,3,TRUE,屏東縣,0,194605.5,2521116.2,23,23
848,22.750106,120.89068,3,TRUE,屏東縣,0,238772.8,2516616.2,22,32
849,22.750063,120.840084,3,TRUE,屏東縣,0,233576.6,2516616.2,22,31
850,22.750004,120.789489,3,TRUE,屏東縣,0,228380.5,2516616.2,22,30
851,22.74993,120.738894,3,TRUE,屏東縣,0,223184.3,2516616.2,22,29
852,22.749839,120.6883,3,TRUE,屏東縣,0,217988.2,2516616.2,22,28
853,22.749732,120.637705,3,TRUE,屏東縣,0,212792,2516616.2,22,27
854,22.749609,120.587111,3,TRUE,屏東縣,0,207595.9,2516616.2,22,26
855,22.749471,120.536517,3,TRUE,屏東縣,0,202399.7,2516616.2,22,25
856,22.749316,120.485924,3,TRUE,屏東縣,0,197203.6,2516616.2,22,24
857,22.709396,120.814841,3,TRUE,屏東縣,0,230978.6,2512116.2,21,30
858,22.70933,120.764261,3,TRUE,屏東縣,0,225782.4,2512116.2,21,29
859,22.709247,120.713681,3,TRUE,屏東縣,0,220586.3,2512116.2,21,28
860,22.709149,120.663102,3,TRUE,屏東縣,0,215390.1,2512116.2,21,27
861,22.709034,120.612522,3,TRUE,屏東縣,0,210194,2512116.2,21,26
862,22.708904,120.561944,3,TRUE,屏東縣,0,204997.8,2512116.2,21,25
863,22.708757,120.511365,3,TRUE,屏東縣,0,199801.7,2512116.2,21,24
864,22.708595,120.460787,3,TRUE,屏東縣,0,194605.5,2512116.2,21,23
865,22.668651,120.739048,3,TRUE,屏東縣,0,223184.3,2507616.2,20,29
866,22.66856,120.688483,3,TRUE,屏東縣,0,217988.2,2507616.2,20,28
867,22.668454,120.637919,3,TRUE,屏東縣,0,212792,2507616.2,20,27
868,22.668332,120.587355,3,TRUE,屏東縣,0,207595.9,2507616.2,20,26
869,22.668194,120.536791,3,TRUE,屏東縣,0,202399.7,2507616.2,20,25
870,22.668039,120.486227,3,TRUE,屏東縣,0,197203.6,2507616.2,20,24
871,22.627968,120.71385,3,TRUE,屏東縣,0,220586.3,2503116.2,19,28
872,22.62787,120.6633,3,TRUE,屏東縣,0,215390.1,2503116.2,19,27
873,22.627756,120.612751,3,TRUE,屏東縣,0,210194,2503116.2,19,26
874,22.627626,120.562201,3,TRUE,屏東縣,0,204997.8,2503116.2,19,25
875,22.62748,120.511653,3,TRUE,屏東縣,0,199801.7,2503116.2,19,24
876,22.627318,120.461104,3,TRUE,屏東縣,0,194605.5,2503116.2,19,23
877,22.587371,120.739202,3,TRUE,屏東縣,0,223184.3,2498616.2,18,29
878,22.587281,120.688667,3,TRUE,屏東縣,0,217988.2,2498616.2,18,28
879,22.587175,120.638132,3,TRUE,屏東縣,0,212792,2498616.2,18,27
880,22.587054,120.587597,3,TRUE,屏東縣,0,207595.9,2498616.2,18,26
881,22.586916,120.537063,3,TRUE,屏東縣,0,202399.7,2498616.2,18,25
882,22.586762,120.486529,3,TRUE,屏東縣,0,197203.6,2498616.2,18,24
883,22.546688,120.714018,3,TRUE,屏東縣,0,220586.3,2494116.2,17,28
884,22.546591,120.663498,3,TRUE,屏東縣,0,215390.1,2494116.2,17,27
885,22.546477,120.612978,3,TRUE,屏東縣,0,210194,2494116.2,17,26
886,22.546347,120.562458,3,TRUE,屏東縣,0,204997.8,2494116.2,17,25
887,22.546202,120.511939,3,TRUE,屏東縣,0,199801.7,2494116.2,17,24
888,22.546041,120.46142,3,TRUE,屏東縣,0,194605.5,2494116.2,17,23
889,22.506091,120.739354,3,TRUE,屏東縣,0,223184.3,2489616.2,16,29
890,22.506001,120.688849,3,TRUE,屏東縣,0,217988.2,2489616.2,16,28
891,22.505896,120.638344,3,TRUE,屏東縣,0,212792,2489616.2,16,27
892,22.505774,120.587839,3,TRUE,屏東縣,0,207595.9,2489616.2,16,26
893,22.505637,120.537334,3,TRUE,屏東縣,0,202399.7,2489616.2,16,25
894,22.505484,120.48683,3,TRUE,屏東縣,0,197203.6,2489616.2,16,24
895,22.505316,120.436326,3,TRUE,屏東縣,0,192007.4,2489616.2,16,23
896,22.465408,120.714185,3,TRUE,屏東縣,0,220586.3,2485116.2,15,28
897,22.46531,120.663694,3,TRUE,屏東縣,0,215390.1,2485116.2,15,27
898,22.465197,120.613204,3,TRUE,屏東縣,0,210194,2485116.2,15,26
899,22.465068,120.562714,3,TRUE,屏東縣,0,204997.8,2485116.2,15,25
900,22.464923,120.512224,3,TRUE,屏東縣,0,199801.7,2485116.2,15,24
901,22.464763,120.461735,3,TRUE,屏東縣,0,194605.5,2485116.2,15,23
902,22.42481,120.739506,3,TRUE,屏東縣,0,223184.3,2480616.2,14,29
903,22.42472,120.68903,3,TRUE,屏東縣,0,217988.2,2480616.2,14,28
904,22.424615,120.638554,3,TRUE,屏東縣,0,212792,2480616.2,14,27
905,22.424495,120.588079,3,TRUE,屏東縣,0,207595.9,2480616.2,14,26
906,22.424358,120.537604,3,TRUE,屏東縣,0,202399.7,2480616.2,14,25
907,22.384126,120.714351,3,TRUE,屏東縣,0,220586.3,2476116.2,13,28
908,22.384029,120.66389,3,TRUE,屏東縣,0,215390.1,2476116.2,13,27
909,22.383916,120.613429,3,TRUE,屏東縣,0,210194,2476116.2,13,26
910,22.343528,120.739658,3,TRUE,屏東縣,0,223184.3,2471616.2,12,29
911,22.343439,120.689211,3,TRUE,屏東縣,0,217988.2,2471616.2,12,28
912,22.343334,120.638764,3,TRUE,屏東縣,0,212792,2471616.2,12,27
913,22.342575,120.386537,3,TRUE,屏東縣,0,186811.3,2471616.2,12,22
914,22.302925,120.764949,3,TRUE,屏東縣,0,225782.4,2467116.2,11,29
915,22.302844,120.714517,3,TRUE,屏東縣,0,220586.3,2467116.2,11,28
916,22.302747,120.664085,3,TRUE,屏東縣,0,215390.1,2467116.2,11,27
917,22.262318,120.790226,3,TRUE,屏東縣,0,228380.5,2462616.2,10,30
918,22.262245,120.739808,3,TRUE,屏東縣,0,223184.3,2462616.2,10,29
919,22.262156,120.689391,3,TRUE,屏東縣,0,217988.2,2462616.2,10,28
920,22.221756,120.865892,3,TRUE,屏東縣,0,236174.7,2458116.2,9,31
921,22.221706,120.815488,3,TRUE,屏東縣,0,230978.6,2458116.2,9,30
922,22.221641,120.765085,3,TRUE,屏東縣,0,225782.4,2458116.2,9,29
923,22.221561,120.714682,3,TRUE,屏東縣,0,220586.3,2458116.2,9,28
924,22.181132,120.891125,3,TRUE,屏東縣,0,238772.8,2453616.2,8,32
925,22.181091,120.840736,3,TRUE,屏東縣,0,233576.6,2453616.2,8,31
926,22.181034,120.790347,3,TRUE,屏東縣,0,228380.5,2453616.2,8,30
927,22.180961,120.739958,3,TRUE,屏東縣,0,223184.3,2453616.2,8,29
928,22.140471,120.865969,3,TRUE,屏東縣,0,236174.7,2449116.2,7,31
929,22.140422,120.815594,3,TRUE,屏東縣,0,230978.6,2449116.2,7,30
930,22.140357,120.76522,3,TRUE,屏東縣,0,225782.4,2449116.2,7,29
931,22.140277,120.714846,3,TRUE,屏東縣,0,220586.3,2449116.2,7,28
932,22.099847,120.891188,3,TRUE,屏東縣,0,238772.8,2444616.2,6,32
933,22.099806,120.840827,3,TRUE,屏東縣,0,233576.6,2444616.2,6,31
934,22.099749,120.790467,3,TRUE,屏東縣,0,228380.5,2444616.2,6,30
935,22.099677,120.740107,3,TRUE,屏東縣,0,223184.3,2444616.2,6,29
936,22.059185,120.866046,3,TRUE,屏東縣,0,236174.7,2440116.2,5,31
937,22.059137,120.8157,3,TRUE,屏東縣,0,230978.6,2440116.2,5,30
938,22.059072,120.765354,3,TRUE,屏東縣,0,225782.4,2440116.2,5,29
939,22.058992,120.715009,3,TRUE,屏東縣,0,220586.3,2440116.2,5,28
940,22.01852,120.840918,3,TRUE,屏東縣,0,233576.6,2435616.2,4,31
941,22.018463,120.790587,3,TRUE,屏東縣,0,228380.5,2435616.2,4,30
942,22.018391,120.740256,3,TRUE,屏東縣,0,223184.3,2435616.2,4,29
943,22.018304,120.689925,3,TRUE,屏東縣,0,217988.2,2435616.2,4,28
944,21.97785,120.815805,3,TRUE,屏東縣,0,230978.6,2431116.2,3,30
945,21.977786,120.765488,3,TRUE,屏東縣,0,225782.4,2431116.2,3,29
946,21.977707,120.715172,3,TRUE,屏東縣,0,220586.3,2431116.2,3,28
947,21.937233,120.841009,3,TRUE,屏東縣,0,233576.6,2426616.2,2,31
948,21.937105,120.740404,3,TRUE,屏東縣,0,223184.3,2426616.2,2,29
949,24.700588,120.940395,3,TRUE,苗栗縣,0,243968.9,2732616.2,70,33
950,24.700559,120.889041,3,TRUE,苗栗縣,0,238772.8,2732616.2,70,32
951,24.659967,120.966083,3,TRUE,苗栗縣,0,246567,2728116.2,69,33
952,24.659947,120.914745,3,TRUE,苗栗縣,0,241370.9,2728116.2,69,32
953,24.659909,120.863408,3,TRUE,苗栗縣,0,236174.7,2728116.2,69,31
954,24.659853,120.812071,3,TRUE,苗栗縣,0,230978.6,2728116.2,69,30
955,24.619341,120.991754,3,TRUE,苗栗縣,0,249165.1,2723616.2,68,34
956,24.619335,121.043075,3,TRUE,苗栗縣,0,254361.3,2723616.2,68,35
957,24.619329,120.940433,3,TRUE,苗栗縣,0,243968.9,2723616.2,68,33
958,24.6193,120.889113,3,TRUE,苗栗縣,0,238772.8,2723616.2,68,32
959,24.619254,120.837792,3,TRUE,苗栗縣,0,233576.6,2723616.2,68,31
960,24.619189,120.786472,3,TRUE,苗栗縣,0,228380.5,2723616.2,68,30
961,24.57871,121.017409,3,TRUE,苗栗縣,0,251763.2,2719116.2,67,34
962,24.578707,120.966105,3,TRUE,苗栗縣,0,246567,2719116.2,67,33
963,24.578695,121.068713,3,TRUE,苗栗縣,0,256959.3,2719116.2,67,35
964,24.578687,120.914801,3,TRUE,苗栗縣,0,241370.9,2719116.2,67,32
965,24.578649,120.863497,3,TRUE,苗栗縣,0,236174.7,2719116.2,67,31
966,24.578594,120.812193,3,TRUE,苗栗縣,0,230978.6,2719116.2,67,30
967,24.578521,120.760889,3,TRUE,苗栗縣,0,225782.4,2719116.2,67,29
968,24.538081,120.991759,3,TRUE,苗栗縣,0,249165.1,2714616.2,66,34
969,24.538075,121.043047,3,TRUE,苗栗縣,0,254361.3,2714616.2,66,35
970,24.538069,120.940472,3,TRUE,苗栗縣,0,243968.9,2714616.2,66,33
971,24.53804,120.889184,3,TRUE,苗栗縣,0,238772.8,2714616.2,66,32
972,24.537994,120.837897,3,TRUE,苗栗縣,0,233576.6,2714616.2,66,31
973,24.53793,120.78661,3,TRUE,苗栗縣,0,228380.5,2714616.2,66,30
974,24.537849,120.735323,3,TRUE,苗栗縣,0,223184.3,2714616.2,66,29
975,24.49745,121.017397,3,TRUE,苗栗縣,0,251763.2,2710116.2,65,34
976,24.497447,120.966126,3,TRUE,苗栗縣,0,246567,2710116.2,65,33
977,24.497435,121.068668,3,TRUE,苗栗縣,0,256959.3,2710116.2,65,35
978,24.497427,120.914855,3,TRUE,苗栗縣,0,241370.9,2710116.2,65,32
979,24.497403,121.119939,3,TRUE,苗栗縣,0,262155.5,2710116.2,65,36
980,24.497389,120.863584,3,TRUE,苗栗縣,0,236174.7,2710116.2,65,31
981,24.497354,121.17121,3,TRUE,苗栗縣,0,267351.6,2710116.2,65,37
982,24.497334,120.812314,3,TRUE,苗栗縣,0,230978.6,2710116.2,65,30
983,24.497262,120.761043,3,TRUE,苗栗縣,0,225782.4,2710116.2,65,29
984,24.497172,120.709773,3,TRUE,苗栗縣,0,220586.3,2710116.2,65,28
985,24.45682,120.991765,3,TRUE,苗栗縣,0,249165.1,2705616.2,64,34
986,24.456814,121.043019,3,TRUE,苗栗縣,0,254361.3,2705616.2,64,35
987,24.456808,120.94051,3,TRUE,苗栗縣,0,243968.9,2705616.2,64,33
988,24.456791,121.094274,3,TRUE,苗栗縣,0,259557.4,2705616.2,64,36
989,24.45678,120.889255,3,TRUE,苗栗縣,0,238772.8,2705616.2,64,32
990,24.45675,121.145528,3,TRUE,苗栗縣,0,264753.6,2705616.2,64,37
991,24.456733,120.838001,3,TRUE,苗栗縣,0,233576.6,2705616.2,64,31
992,24.456692,121.196783,3,TRUE,苗栗縣,0,269949.7,2705616.2,64,38
993,24.45667,120.786747,3,TRUE,苗栗縣,0,228380.5,2705616.2,64,30
994,24.456617,121.248037,3,TRUE,苗栗縣,0,275145.9,2705616.2,64,39
995,24.456589,120.735493,3,TRUE,苗栗縣,0,223184.3,2705616.2,64,29
996,24.45649,120.684239,3,TRUE,苗栗縣,0,217988.2,2705616.2,64,28
997,24.416188,121.017386,3,TRUE,苗栗縣,0,251763.2,2701116.2,63,34
998,24.416186,120.966148,3,TRUE,苗栗縣,0,246567,2701116.2,63,33
999,24.416174,121.068624,3,TRUE,苗栗縣,0,256959.3,2701116.2,63,35
1000,24.416165,120.91491,3,TRUE,苗栗縣,0,241370.9,2701116.2,63,32
1001,24.416142,121.119863,3,TRUE,苗栗縣,0,262155.5,2701116.2,63,36
1002,24.416128,120.863672,3,TRUE,苗栗縣,0,236174.7,2701116.2,63,31
1003,24.416093,121.171101,3,TRUE,苗栗縣,0,267351.6,2701116.2,63,37
1004,24.416073,120.812434,3,TRUE,苗栗縣,0,230978.6,2701116.2,63,30
1005,24.416026,121.222338,3,TRUE,苗栗縣,0,272547.8,2701116.2,63,38
1006,24.416001,120.761196,3,TRUE,苗栗縣,0,225782.4,2701116.2,63,29
1007,24.415911,120.709959,3,TRUE,苗栗縣,0,220586.3,2701116.2,63,28
1008,24.415805,120.658721,3,TRUE,苗栗縣,0,215390.1,2701116.2,63,27
1009,24.375558,120.99177,3,TRUE,苗栗縣,0,249165.1,2696616.2,62,34
1010,24.375552,121.042992,3,TRUE,苗栗縣,0,254361.3,2696616.2,62,35
1011,24.375547,120.940548,3,TRUE,苗栗縣,0,243968.9,2696616.2,62,33
1012,24.375529,121.094213,3,TRUE,苗栗縣,0,259557.4,2696616.2,62,36
1013,24.375518,120.889326,3,TRUE,苗栗縣,0,238772.8,2696616.2,62,32
1014,24.375489,121.145435,3,TRUE,苗栗縣,0,264753.6,2696616.2,62,37
1015,24.375472,120.838105,3,TRUE,苗栗縣,0,233576.6,2696616.2,62,31
1016,24.375409,120.786883,3,TRUE,苗栗縣,0,228380.5,2696616.2,62,30
1017,24.375328,120.735662,3,TRUE,苗栗縣,0,223184.3,2696616.2,62,29
1018,24.334926,121.017375,3,TRUE,苗栗縣,0,251763.2,2692116.2,61,34
1019,24.334923,120.96617,3,TRUE,苗栗縣,0,246567,2692116.2,61,33
1020,24.334912,121.068581,3,TRUE,苗栗縣,0,256959.3,2692116.2,61,35
1021,24.334903,120.914964,3,TRUE,苗栗縣,0,241370.9,2692116.2,61,32
1022,24.33488,121.119786,3,TRUE,苗栗縣,0,262155.5,2692116.2,61,36
1023,24.334866,120.863759,3,TRUE,苗栗縣,0,236174.7,2692116.2,61,31
1024,24.334811,120.812554,3,TRUE,苗栗縣,0,230978.6,2692116.2,61,30
1025,24.334739,120.761349,3,TRUE,苗栗縣,0,225782.4,2692116.2,61,29
1026,24.294255,120.889397,3,TRUE,苗栗縣,0,238772.8,2687616.2,60,32
1027,24.29421,120.838208,3,TRUE,苗栗縣,0,233576.6,2687616.2,60,31
1028,25.106673,121.249332,3,TRUE,桃園縣,0,275145.9,2777616.2,80,39
1029,25.066206,121.120487,3,TRUE,桃園縣,0,262155.5,2773116.2,79,36
1030,25.066156,121.171993,3,TRUE,桃園縣,0,267351.6,2773116.2,79,37
1031,25.066087,121.223497,3,TRUE,桃園縣,0,272547.8,2773116.2,79,38
1032,25.066001,121.275002,3,TRUE,桃園縣,0,277743.9,2773116.2,79,39
1033,25.065896,121.326507,3,TRUE,桃園縣,0,282940.1,2773116.2,79,40
1034,25.065774,121.378011,3,TRUE,桃園縣,0,288136.2,2773116.2,79,41
1035,25.025622,121.043215,3,TRUE,桃園縣,0,254361.3,2768616.2,78,35
1036,25.025598,121.094704,3,TRUE,桃園縣,0,259557.4,2768616.2,78,36
1037,25.025556,121.146192,3,TRUE,桃園縣,0,264753.6,2768616.2,78,37
1038,25.025496,121.19768,3,TRUE,桃園縣,0,269949.7,2768616.2,78,38
1039,25.025419,121.249168,3,TRUE,桃園縣,0,275145.9,2768616.2,78,39
1040,25.025324,121.300655,3,TRUE,桃園縣,0,280342,2768616.2,78,40
1041,25.025211,121.352143,3,TRUE,桃園縣,0,285538.2,2768616.2,78,41
1042,25.02508,121.40363,3,TRUE,桃園縣,0,290734.3,2768616.2,78,42
1043,24.984999,121.017465,3,TRUE,桃園縣,0,251763.2,2764116.2,77,34
1044,24.984984,121.068937,3,TRUE,桃園縣,0,256959.3,2764116.2,77,35
1045,24.984951,121.120408,3,TRUE,桃園縣,0,262155.5,2764116.2,77,36
1046,24.984901,121.171879,3,TRUE,桃園縣,0,267351.6,2764116.2,77,37
1047,24.984833,121.22335,3,TRUE,桃園縣,0,272547.8,2764116.2,77,38
1048,24.984746,121.274821,3,TRUE,桃園縣,0,277743.9,2764116.2,77,39
1049,24.984643,121.326292,3,TRUE,桃園縣,0,282940.1,2764116.2,77,40
1050,24.984521,121.377762,3,TRUE,桃園縣,0,288136.2,2764116.2,77,41
1051,24.944372,120.991732,3,TRUE,桃園縣,0,249165.1,2759616.2,76,34
1052,24.944366,121.043187,3,TRUE,桃園縣,0,254361.3,2759616.2,76,35
1053,24.944342,121.094641,3,TRUE,桃園縣,0,259557.4,2759616.2,76,36
1054,24.944301,121.146096,3,TRUE,桃園縣,0,264753.6,2759616.2,76,37
1055,24.944241,121.19755,3,TRUE,桃園縣,0,269949.7,2759616.2,76,38
1056,24.944164,121.249004,3,TRUE,桃園縣,0,275145.9,2759616.2,76,39
1057,24.944069,121.300458,3,TRUE,桃園縣,0,280342,2759616.2,76,40
1058,24.903728,121.068892,3,TRUE,桃園縣,0,256959.3,2755116.2,75,35
1059,24.903696,121.120329,3,TRUE,桃園縣,0,262155.5,2755116.2,75,36
1060,24.903645,121.171767,3,TRUE,桃園縣,0,267351.6,2755116.2,75,37
1061,24.903577,121.223204,3,TRUE,桃園縣,0,272547.8,2755116.2,75,38
1062,24.903491,121.274641,3,TRUE,桃園縣,0,277743.9,2755116.2,75,39
1063,24.862985,121.197421,3,TRUE,桃園縣,0,269949.7,2750616.2,74,38
1064,24.862909,121.248841,3,TRUE,桃園縣,0,275145.9,2750616.2,74,39
1065,24.862814,121.300261,3,TRUE,桃園縣,0,280342,2750616.2,74,40
1066,24.822321,121.223058,3,TRUE,桃園縣,0,272547.8,2746116.2,73,38
1067,24.822235,121.274461,3,TRUE,桃園縣,0,277743.9,2746116.2,73,39
1068,24.822132,121.325865,3,TRUE,桃園縣,0,282940.1,2746116.2,73,40
1069,24.822011,121.377268,3,TRUE,桃園縣,0,288136.2,2746116.2,73,41
1070,24.781558,121.300065,3,TRUE,桃園縣,0,280342,2741616.2,72,40
1071,24.781446,121.351452,3,TRUE,桃園縣,0,285538.2,2741616.2,72,41
1072,24.781316,121.402838,3,TRUE,桃園縣,0,290734.3,2741616.2,72,42
1073,24.740876,121.325653,3,TRUE,桃園縣,0,282940.1,2737116.2,71,40
1074,24.740755,121.377022,3,TRUE,桃園縣,0,288136.2,2737116.2,71,41
1075,24.740617,121.428391,3,TRUE,桃園縣,0,293332.4,2737116.2,71,42
1076,24.700189,121.351223,3,TRUE,桃園縣,0,285538.2,2732616.2,70,41
1077,24.70006,121.402576,3,TRUE,桃園縣,0,290734.3,2732616.2,70,42
1078,24.699914,121.453928,3,TRUE,桃園縣,0,295930.5,2732616.2,70,43
1079,24.659498,121.376777,3,TRUE,桃園縣,0,288136.2,2728116.2,69,41
1080,24.659361,121.428113,3,TRUE,桃園縣,0,293332.4,2728116.2,69,42
1081,24.618803,121.402315,3,TRUE,桃園縣,0,290734.3,2723616.2,68,42
1082,23.440982,120.966401,3,TRUE,高雄市,0,246567,2593116.2,39,33
1083,23.440963,120.915547,3,TRUE,高雄市,0,241370.9,2593116.2,39,32
1084,23.40035,120.991831,3,TRUE,高雄市,0,249165.1,2588616.2,38,34
1085,23.400339,120.940992,3,TRUE,高雄市,0,243968.9,2588616.2,38,33
1086,23.400311,120.890153,3,TRUE,高雄市,0,238772.8,2588616.2,38,32
1087,23.35971,120.966422,3,TRUE,高雄市,0,246567,2584116.2,37,33
1088,23.359691,120.915598,3,TRUE,高雄市,0,241370.9,2584116.2,37,32
1089,23.359655,120.864775,3,TRUE,高雄市,0,236174.7,2584116.2,37,31
1090,23.359603,120.813951,3,TRUE,高雄市,0,230978.6,2584116.2,37,30
1091,23.319077,120.991836,3,TRUE,高雄市,0,249165.1,2579616.2,36,34
1092,23.319071,121.042645,3,TRUE,高雄市,0,254361.3,2579616.2,36,35
1093,23.319066,120.941028,3,TRUE,高雄市,0,243968.9,2579616.2,36,33
1094,23.319038,120.89022,3,TRUE,高雄市,0,238772.8,2579616.2,36,32
1095,23.318995,120.839412,3,TRUE,高雄市,0,233576.6,2579616.2,36,31
1096,23.318934,120.788604,3,TRUE,高雄市,0,228380.5,2579616.2,36,30
1097,23.278437,120.966442,3,TRUE,高雄市,0,246567,2575116.2,35,33
1098,23.278417,120.915649,3,TRUE,高雄市,0,241370.9,2575116.2,35,32
1099,23.278382,120.864857,3,TRUE,高雄市,0,236174.7,2575116.2,35,31
1100,23.27833,120.814064,3,TRUE,高雄市,0,230978.6,2575116.2,35,30
1101,23.278262,120.763272,3,TRUE,高雄市,0,225782.4,2575116.2,35,29
1102,23.278177,120.712479,3,TRUE,高雄市,0,220586.3,2575116.2,35,28
1103,23.278075,120.661687,3,TRUE,高雄市,0,215390.1,2575116.2,35,27
1104,23.237765,120.890286,3,TRUE,高雄市,0,238772.8,2570616.2,34,32
1105,23.237721,120.839509,3,TRUE,高雄市,0,233576.6,2570616.2,34,31
1106,23.237661,120.788732,3,TRUE,高雄市,0,228380.5,2570616.2,34,30
1107,23.237585,120.737955,3,TRUE,高雄市,0,223184.3,2570616.2,34,29
1108,23.237492,120.687178,3,TRUE,高雄市,0,217988.2,2570616.2,34,28
1109,23.197108,120.864939,3,TRUE,高雄市,0,236174.7,2566116.2,33,31
1110,23.197056,120.814177,3,TRUE,高雄市,0,230978.6,2566116.2,33,30
1111,23.196988,120.763415,3,TRUE,高雄市,0,225782.4,2566116.2,33,29
1112,23.196904,120.712653,3,TRUE,高雄市,0,220586.3,2566116.2,33,28
1113,23.196803,120.661892,3,TRUE,高雄市,0,215390.1,2566116.2,33,27
1114,23.156447,120.839606,3,TRUE,高雄市,0,233576.6,2561616.2,32,31
1115,23.156387,120.78886,3,TRUE,高雄市,0,228380.5,2561616.2,32,30
1116,23.156311,120.738113,3,TRUE,高雄市,0,223184.3,2561616.2,32,29
1117,23.156218,120.687367,3,TRUE,高雄市,0,217988.2,2561616.2,32,28
1118,23.15611,120.636621,3,TRUE,高雄市,0,212792,2561616.2,32,27
1119,23.115833,120.86502,3,TRUE,高雄市,0,236174.7,2557116.2,31,31
1120,23.115782,120.814289,3,TRUE,高雄市,0,230978.6,2557116.2,31,30
1121,23.115714,120.763558,3,TRUE,高雄市,0,225782.4,2557116.2,31,29
1122,23.11563,120.712827,3,TRUE,高雄市,0,220586.3,2557116.2,31,28
1123,23.115529,120.662096,3,TRUE,高雄市,0,215390.1,2557116.2,31,27
1124,23.115412,120.611366,3,TRUE,高雄市,0,210194,2557116.2,31,26
1125,23.075172,120.839703,3,TRUE,高雄市,0,233576.6,2552616.2,30,31
1126,23.075112,120.788987,3,TRUE,高雄市,0,228380.5,2552616.2,30,30
1127,23.075036,120.738271,3,TRUE,高雄市,0,223184.3,2552616.2,30,29
1128,23.074944,120.687555,3,TRUE,高雄市,0,217988.2,2552616.2,30,28
1129,23.074836,120.63684,3,TRUE,高雄市,0,212792,2552616.2,30,27
1130,23.074711,120.586125,3,TRUE,高雄市,0,207595.9,2552616.2,30,26
1131,23.034558,120.865101,3,TRUE,高雄市,0,236174.7,2548116.2,29,31
1132,23.034506,120.8144,3,TRUE,高雄市,0,230978.6,2548116.2,29,30
1133,23.034439,120.7637,3,TRUE,高雄市,0,225782.4,2548116.2,29,29
1134,23.034355,120.712999,3,TRUE,高雄市,0,220586.3,2548116.2,29,28
1135,23.034255,120.662299,3,TRUE,高雄市,0,215390.1,2548116.2,29,27
1136,23.034138,120.611599,3,TRUE,高雄市,0,210194,2548116.2,29,26
1137,23.034006,120.5609,3,TRUE,高雄市,0,204997.8,2548116.2,29,25
1138,23.033857,120.510201,3,TRUE,高雄市,0,199801.7,2548116.2,29,24
1139,22.993896,120.839799,3,TRUE,高雄市,0,233576.6,2543616.2,28,31
1140,22.993836,120.789113,3,TRUE,高雄市,0,228380.5,2543616.2,28,30
1141,22.993761,120.738428,3,TRUE,高雄市,0,223184.3,2543616.2,28,29
1142,22.993669,120.687743,3,TRUE,高雄市,0,217988.2,2543616.2,28,28
1143,22.993561,120.637058,3,TRUE,高雄市,0,212792,2543616.2,28,27
1144,22.993437,120.586373,3,TRUE,高雄市,0,207595.9,2543616.2,28,26
1145,22.993296,120.535689,3,TRUE,高雄市,0,202399.7,2543616.2,28,25
1146,22.99314,120.485006,3,TRUE,高雄市,0,197203.6,2543616.2,28,24
1147,22.95323,120.814511,3,TRUE,高雄市,0,230978.6,2539116.2,27,30
1148,22.953163,120.763841,3,TRUE,高雄市,0,225782.4,2539116.2,27,29
1149,22.953079,120.713171,3,TRUE,高雄市,0,220586.3,2539116.2,27,28
1150,22.952979,120.662501,3,TRUE,高雄市,0,215390.1,2539116.2,27,27
1151,22.952863,120.611832,3,TRUE,高雄市,0,210194,2539116.2,27,26
1152,22.952731,120.561162,3,TRUE,高雄市,0,204997.8,2539116.2,27,25
1153,22.952583,120.510494,3,TRUE,高雄市,0,199801.7,2539116.2,27,24
1154,22.952419,120.459825,3,TRUE,高雄市,0,194605.5,2539116.2,27,23
1155,22.91256,120.789239,3,TRUE,高雄市,0,228380.5,2534616.2,26,30
1156,22.912485,120.738584,3,TRUE,高雄市,0,223184.3,2534616.2,26,29
1157,22.912393,120.687929,3,TRUE,高雄市,0,217988.2,2534616.2,26,28
1158,22.912286,120.637275,3,TRUE,高雄市,0,212792,2534616.2,26,27
1159,22.912162,120.58662,3,TRUE,高雄市,0,207595.9,2534616.2,26,26
1160,22.912022,120.535966,3,TRUE,高雄市,0,202399.7,2534616.2,26,25
1161,22.911866,120.485313,3,TRUE,高雄市,0,197203.6,2534616.2,26,24
1162,22.911694,120.43466,3,TRUE,高雄市,0,192007.4,2534616.2,26,23
1163,22.911505,120.384008,3,TRUE,高雄市,0,186811.3,2534616.2,26,22
1164,22.910591,120.181404,3,TRUE,高雄市,0,166026.7,2534616.2,26,18
1165,22.871953,120.814622,3,TRUE,高雄市,0,230978.6,2530116.2,25,30
1166,22.871886,120.763982,3,TRUE,高雄市,0,225782.4,2530116.2,25,29
1167,22.871703,120.662702,3,TRUE,高雄市,0,215390.1,2530116.2,25,27
1168,22.871456,120.561424,3,TRUE,高雄市,0,204997.8,2530116.2,25,25
1169,22.871309,120.510785,3,TRUE,高雄市,0,199801.7,2530116.2,25,24
1170,22.871145,120.460147,3,TRUE,高雄市,0,194605.5,2530116.2,25,23
1171,22.870965,120.40951,3,TRUE,高雄市,0,189409.3,2530116.2,25,22
1172,22.870769,120.358873,3,TRUE,高雄市,0,184213.2,2530116.2,25,21
1173,22.870557,120.308236,3,TRUE,高雄市,0,179017,2530116.2,25,20
1174,22.870329,120.2576,3,TRUE,高雄市,0,173820.9,2530116.2,25,19
1175,22.870084,120.206965,3,TRUE,高雄市,0,168624.7,2530116.2,25,18
1176,22.830747,120.536242,3,TRUE,高雄市,0,202399.7,2525616.2,24,25
1177,22.83042,120.434996,3,TRUE,高雄市,0,192007.4,2525616.2,24,23
1178,22.830232,120.384374,3,TRUE,高雄市,0,186811.3,2525616.2,24,22
1179,22.830029,120.333752,3,TRUE,高雄市,0,181615.1,2525616.2,24,21
1180,22.829809,120.283131,3,TRUE,高雄市,0,176419,2525616.2,24,20
1181,22.829573,120.23251,3,TRUE,高雄市,0,171222.8,2525616.2,24,19
1182,22.789691,120.40986,3,TRUE,高雄市,0,189409.3,2521116.2,23,22
1183,22.789496,120.359253,3,TRUE,高雄市,0,184213.2,2521116.2,23,21
1184,22.789284,120.308647,3,TRUE,高雄市,0,179017,2521116.2,23,20
1185,22.789057,120.258041,3,TRUE,高雄市,0,173820.9,2521116.2,23,19
1186,22.749145,120.435331,3,TRUE,高雄市,0,192007.4,2516616.2,22,23
1187,22.748958,120.384739,3,TRUE,高雄市,0,186811.3,2516616.2,22,22
1188,22.748755,120.334147,3,TRUE,高雄市,0,181615.1,2516616.2,22,21
1189,22.748536,120.283556,3,TRUE,高雄市,0,176419,2516616.2,22,20
1190,22.708416,120.410209,3,TRUE,高雄市,0,189409.3,2512116.2,21,22
1191,22.708222,120.359632,3,TRUE,高雄市,0,184213.2,2512116.2,21,21
1192,22.708011,120.309055,3,TRUE,高雄市,0,179017,2512116.2,21,20
1193,22.667869,120.435664,3,TRUE,高雄市,0,192007.4,2507616.2,20,23
1194,22.667683,120.385102,3,TRUE,高雄市,0,186811.3,2507616.2,20,22
1195,22.667481,120.33454,3,TRUE,高雄市,0,181615.1,2507616.2,20,21
1196,22.667263,120.283978,3,TRUE,高雄市,0,176419,2507616.2,20,20
1197,22.62714,120.410556,3,TRUE,高雄市,0,189409.3,2503116.2,19,22
1198,22.626947,120.360009,3,TRUE,高雄市,0,184213.2,2503116.2,19,21
1199,22.626737,120.309462,3,TRUE,高雄市,0,179017,2503116.2,19,20
1200,22.586593,120.435996,3,TRUE,高雄市,0,192007.4,2498616.2,18,23
1201,22.586408,120.385463,3,TRUE,高雄市,0,186811.3,2498616.2,18,22
1202,22.586206,120.334931,3,TRUE,高雄市,0,181615.1,2498616.2,18,21
1203,22.545864,120.410902,3,TRUE,高雄市,0,189409.3,2494116.2,17,22
1204,22.545671,120.360384,3,TRUE,高雄市,0,184213.2,2494116.2,17,21
1205,22.505131,120.385823,3,TRUE,高雄市,0,186811.3,2489616.2,16,22
1206,25.145914,121.68748,3,TRUE,基隆市,0,319313.2,2782116.2,81,47
1207,25.145666,121.739015,3,TRUE,基隆市,0,324509.3,2782116.2,81,48
1208,25.105407,121.661494,3,TRUE,基隆市,0,316715.1,2777616.2,80,47
1209,25.105169,121.713012,3,TRUE,基隆市,0,321911.2,2777616.2,80,48
1210,25.064419,121.738527,3,TRUE,基隆市,0,324509.3,2773116.2,79,48
1211,23.805832,120.481853,3,TRUE,雲林縣,0,197203.6,2633616.2,48,24
1212,23.805652,120.430859,3,TRUE,雲林縣,0,192007.4,2633616.2,48,23
1213,23.805455,120.379866,3,TRUE,雲林縣,0,186811.3,2633616.2,48,22
1214,23.805242,120.328874,3,TRUE,雲林縣,0,181615.1,2633616.2,48,21
1215,23.805012,120.277882,3,TRUE,雲林縣,0,176419,2633616.2,48,20
1216,23.804765,120.226891,3,TRUE,雲林縣,0,171222.8,2633616.2,48,19
1217,23.804501,120.175901,3,TRUE,雲林縣,0,166026.7,2633616.2,48,18
1218,23.765574,120.60946,3,TRUE,雲林縣,0,210194,2629116.2,47,26
1219,23.765436,120.558481,3,TRUE,雲林縣,0,204997.8,2629116.2,47,25
1220,23.765282,120.507503,3,TRUE,雲林縣,0,199801.7,2629116.2,47,24
1221,23.765111,120.456525,3,TRUE,雲林縣,0,194605.5,2629116.2,47,23
1222,23.764924,120.405547,3,TRUE,雲林縣,0,189409.3,2629116.2,47,22
1223,23.764719,120.354571,3,TRUE,雲林縣,0,184213.2,2629116.2,47,21
1224,23.764498,120.303594,3,TRUE,雲林縣,0,179017,2629116.2,47,20
1225,23.764259,120.252619,3,TRUE,雲林縣,0,173820.9,2629116.2,47,19
1226,23.764004,120.201644,3,TRUE,雲林縣,0,168624.7,2629116.2,47,18
1227,23.725003,120.635062,3,TRUE,雲林縣,0,212792,2624616.2,46,27
1228,23.724874,120.584099,3,TRUE,雲林縣,0,207595.9,2624616.2,46,26
1229,23.724728,120.533137,3,TRUE,雲林縣,0,202399.7,2624616.2,46,25
1230,23.724566,120.482174,3,TRUE,雲林縣,0,197203.6,2624616.2,46,24
1231,23.724387,120.431212,3,TRUE,雲林縣,0,192007.4,2624616.2,46,23
1232,23.724191,120.380251,3,TRUE,雲林縣,0,186811.3,2624616.2,46,22
1233,23.723979,120.32929,3,TRUE,雲林縣,0,181615.1,2624616.2,46,21
1234,23.723749,120.27833,3,TRUE,雲林縣,0,176419,2624616.2,46,20
1235,23.723503,120.227371,3,TRUE,雲林縣,0,171222.8,2624616.2,46,19
1236,23.72324,120.176412,3,TRUE,雲林縣,0,166026.7,2624616.2,46,18
1237,23.684307,120.609702,3,TRUE,雲林縣,0,210194,2620116.2,45,26
1238,23.68417,120.558755,3,TRUE,雲林縣,0,204997.8,2620116.2,45,25
1239,23.684016,120.507808,3,TRUE,雲林縣,0,199801.7,2620116.2,45,24
1240,23.683846,120.456862,3,TRUE,雲林縣,0,194605.5,2620116.2,45,23
1241,23.683659,120.405916,3,TRUE,雲林縣,0,189409.3,2620116.2,45,22
1242,23.683455,120.35497,3,TRUE,雲林縣,0,184213.2,2620116.2,45,21
1243,23.683235,120.304026,3,TRUE,雲林縣,0,179017,2620116.2,45,20
1244,23.682997,120.253082,3,TRUE,雲林縣,0,173820.9,2620116.2,45,19
1245,23.682743,120.202138,3,TRUE,雲林縣,0,168624.7,2620116.2,45,18
1246,23.643606,120.584357,3,TRUE,雲林縣,0,207595.9,2615616.2,44,26
1247,23.643462,120.533425,3,TRUE,雲林縣,0,202399.7,2615616.2,44,25
1248,23.6433,120.482495,3,TRUE,雲林縣,0,197203.6,2615616.2,44,24
1249,23.643122,120.431564,3,TRUE,雲林縣,0,192007.4,2615616.2,44,23
1250,23.642927,120.380634,3,TRUE,雲林縣,0,186811.3,2615616.2,44,22
1251,23.642715,120.329705,3,TRUE,雲林縣,0,181615.1,2615616.2,44,21
1252,23.642486,120.278777,3,TRUE,雲林縣,0,176419,2615616.2,44,20
1253,23.642241,120.227849,3,TRUE,雲林縣,0,171222.8,2615616.2,44,19
1254,23.641979,120.176921,3,TRUE,雲林縣,0,166026.7,2615616.2,44,18
1255,23.603261,120.711775,3,TRUE,雲林縣,0,220586.3,2611116.2,43,28
1256,23.603158,120.660859,3,TRUE,雲林縣,0,215390.1,2611116.2,43,27
1257,23.603039,120.609943,3,TRUE,雲林縣,0,210194,2611116.2,43,26
1258,23.602902,120.559027,3,TRUE,雲林縣,0,204997.8,2611116.2,43,25
1259,23.60219,120.355369,3,TRUE,雲林縣,0,184213.2,2611116.2,43,21
1260,23.601971,120.304455,3,TRUE,雲林縣,0,179017,2611116.2,43,20
1261,23.601734,120.253543,3,TRUE,雲林縣,0,173820.9,2611116.2,43,19
1262,23.601481,120.202631,3,TRUE,雲林縣,0,168624.7,2611116.2,43,18
1263,23.601211,120.15172,3,TRUE,雲林縣,0,163428.6,2611116.2,43,17
1264,23.561222,120.279221,3,TRUE,雲林縣,0,176419,2606616.2,42,20
1265,23.560978,120.228324,3,TRUE,雲林縣,0,171222.8,2606616.2,42,19
1266,23.560717,120.177428,3,TRUE,雲林縣,0,166026.7,2606616.2,42,18
1267,23.56044,120.126533,3,TRUE,雲林縣,0,160830.5,2606616.2,42,17
1268,23.520218,120.203121,3,TRUE,雲林縣,0,168624.7,2602116.2,41,18
1269,23.519949,120.152241,3,TRUE,雲林縣,0,163428.6,2602116.2,41,17
1270,23.478575,120.025344,3,TRUE,雲林縣,0,150438.2,2597616.2,40,15
1271,25.268517,121.50761,3,TRUE,新北市,0,301126.6,2795616.2,84,44
1272,25.26833,121.559198,3,TRUE,新北市,0,306322.8,2795616.2,84,45
1273,25.268126,121.610785,3,TRUE,新北市,0,311518.9,2795616.2,84,46
1274,25.227978,121.481655,3,TRUE,新北市,0,298528.5,2791116.2,83,43
1275,25.227801,121.533226,3,TRUE,新北市,0,303724.7,2791116.2,83,44
1276,25.227606,121.584797,3,TRUE,新北市,0,308920.9,2791116.2,83,45
1277,25.227393,121.636367,3,TRUE,新北市,0,314117,2791116.2,83,46
1278,25.187435,121.455718,3,TRUE,新北市,0,295930.5,2786616.2,82,43
1279,25.187267,121.507272,3,TRUE,新北市,0,301126.6,2786616.2,82,44
1280,25.186877,121.610379,3,TRUE,新北市,0,311518.9,2786616.2,82,46
1281,25.186656,121.661932,3,TRUE,新北市,0,316715.1,2786616.2,82,47
1282,25.146886,121.429798,3,TRUE,新北市,0,293332.4,2782116.2,81,42
1283,25.146145,121.635945,3,TRUE,新北市,0,314117,2782116.2,81,46
1284,25.106577,121.300854,3,TRUE,新北市,0,280342,2777616.2,80,40
1285,25.106464,121.352375,3,TRUE,新北市,0,285538.2,2777616.2,80,41
1286,25.106333,121.403896,3,TRUE,新北市,0,290734.3,2777616.2,80,42
1287,25.106183,121.455417,3,TRUE,新北市,0,295930.5,2777616.2,80,43
1288,25.105628,121.609975,3,TRUE,新北市,0,311518.9,2777616.2,80,46
1289,25.104912,121.764529,3,TRUE,新北市,0,327107.4,2777616.2,80,49
1290,25.104637,121.816046,3,TRUE,新北市,0,332303.5,2777616.2,80,50
1291,25.104345,121.867561,3,TRUE,新北市,0,337499.7,2777616.2,80,51
1292,25.104035,121.919076,3,TRUE,新北市,0,342695.8,2777616.2,80,52
1293,25.065634,121.429514,3,TRUE,新北市,0,293332.4,2773116.2,79,42
1294,25.065476,121.481018,3,TRUE,新北市,0,298528.5,2773116.2,79,43
1295,25.064895,121.635525,3,TRUE,新北市,0,314117,2773116.2,79,46
1296,25.064666,121.687026,3,TRUE,新北市,0,319313.2,2773116.2,79,47
1297,25.064154,121.790027,3,TRUE,新北市,0,329705.5,2773116.2,79,49
1298,25.063871,121.841526,3,TRUE,新北市,0,334901.6,2773116.2,79,50
1299,25.06357,121.893024,3,TRUE,新北市,0,340097.8,2773116.2,79,51
1300,25.024931,121.455116,3,TRUE,新北市,0,295930.5,2768616.2,78,43
1301,25.02392,121.712542,3,TRUE,新北市,0,321911.2,2768616.2,78,48
1302,25.023664,121.764025,3,TRUE,新北市,0,327107.4,2768616.2,78,49
1303,25.023391,121.815508,3,TRUE,新北市,0,332303.5,2768616.2,78,50
1304,25.0231,121.866989,3,TRUE,新北市,0,337499.7,2768616.2,78,51
1305,25.02279,121.91847,3,TRUE,新北市,0,342695.8,2768616.2,78,52
1306,25.022463,121.96995,3,TRUE,新北市,0,347892,2768616.2,78,53
1307,24.984381,121.429232,3,TRUE,新北市,0,293332.4,2764116.2,77,42
1308,24.984224,121.480701,3,TRUE,新北市,0,298528.5,2764116.2,77,43
1309,24.984049,121.53217,3,TRUE,新北市,0,303724.7,2764116.2,77,44
1310,24.983645,121.635107,3,TRUE,新北市,0,314117,2764116.2,77,46
1311,24.983417,121.686574,3,TRUE,新北市,0,319313.2,2764116.2,77,47
1312,24.98317,121.738041,3,TRUE,新北市,0,324509.3,2764116.2,77,48
1313,24.982906,121.789507,3,TRUE,新北市,0,329705.5,2764116.2,77,49
1314,24.982624,121.840972,3,TRUE,新北市,0,334901.6,2764116.2,77,50
1315,24.982325,121.892436,3,TRUE,新北市,0,340097.8,2764116.2,77,51
1316,24.943957,121.351911,3,TRUE,新北市,0,285538.2,2759616.2,76,41
1317,24.943826,121.403364,3,TRUE,新北市,0,290734.3,2759616.2,76,42
1318,24.943678,121.454817,3,TRUE,新北市,0,295930.5,2759616.2,76,43
1319,24.943512,121.50627,3,TRUE,新北市,0,301126.6,2759616.2,76,44
1320,24.943329,121.557721,3,TRUE,新北市,0,306322.8,2759616.2,76,45
1321,24.943127,121.609173,3,TRUE,新北市,0,311518.9,2759616.2,76,46
1322,24.942908,121.660624,3,TRUE,新北市,0,316715.1,2759616.2,76,47
1323,24.942671,121.712074,3,TRUE,新北市,0,321911.2,2759616.2,76,48
1324,24.942416,121.763523,3,TRUE,新北市,0,327107.4,2759616.2,76,49
1325,24.942144,121.814972,3,TRUE,新北市,0,332303.5,2759616.2,76,50
1326,24.903388,121.326078,3,TRUE,新北市,0,282940.1,2755116.2,75,40
1327,24.903266,121.377514,3,TRUE,新北市,0,288136.2,2755116.2,75,41
1328,24.903127,121.42895,3,TRUE,新北市,0,293332.4,2755116.2,75,42
1329,24.902971,121.480386,3,TRUE,新北市,0,298528.5,2755116.2,75,43
1330,24.902796,121.531821,3,TRUE,新北市,0,303724.7,2755116.2,75,44
1331,24.902604,121.583256,3,TRUE,新北市,0,308920.9,2755116.2,75,45
1332,24.902394,121.63469,3,TRUE,新北市,0,314117,2755116.2,75,46
1333,24.902166,121.686124,3,TRUE,新北市,0,319313.2,2755116.2,75,47
1334,24.901921,121.737557,3,TRUE,新北市,0,324509.3,2755116.2,75,48
1335,24.901658,121.788989,3,TRUE,新北市,0,329705.5,2755116.2,75,49
1336,24.862702,121.351681,3,TRUE,新北市,0,285538.2,2750616.2,74,41
1337,24.862572,121.4031,3,TRUE,新北市,0,290734.3,2750616.2,74,42
1338,24.862424,121.45452,3,TRUE,新北市,0,295930.5,2750616.2,74,43
1339,24.862259,121.505938,3,TRUE,新北市,0,301126.6,2750616.2,74,44
1340,24.862076,121.557356,3,TRUE,新北市,0,306322.8,2750616.2,74,45
1341,24.861875,121.608774,3,TRUE,新北市,0,311518.9,2750616.2,74,46
1342,24.861657,121.660191,3,TRUE,新北市,0,316715.1,2750616.2,74,47
1343,24.861421,121.711608,3,TRUE,新北市,0,321911.2,2750616.2,74,48
1344,24.861167,121.763023,3,TRUE,新北市,0,327107.4,2750616.2,74,49
1345,24.821873,121.42867,3,TRUE,新北市,0,293332.4,2746116.2,73,42
1346,24.821717,121.480072,3,TRUE,新北市,0,298528.5,2746116.2,73,43
1347,24.821543,121.531474,3,TRUE,新北市,0,303724.7,2746116.2,73,44
1348,24.821351,121.582875,3,TRUE,新北市,0,308920.9,2746116.2,73,45
1349,24.821142,121.634276,3,TRUE,新北市,0,314117,2746116.2,73,46
1350,24.820915,121.685676,3,TRUE,新北市,0,319313.2,2746116.2,73,47
1351,24.781169,121.454223,3,TRUE,新北市,0,295930.5,2741616.2,72,43
1352,24.781005,121.505608,3,TRUE,新北市,0,301126.6,2741616.2,72,44
1353,24.780822,121.556993,3,TRUE,新北市,0,306322.8,2741616.2,72,45
1354,24.740462,121.47976,3,TRUE,新北市,0,298528.5,2737116.2,71,43
1355,24.740288,121.531128,3,TRUE,新北市,0,303724.7,2737116.2,71,44
1356,24.740098,121.582496,3,TRUE,新北市,0,308920.9,2737116.2,71,45
1357,24.69975,121.50528,3,TRUE,新北市,0,301126.6,2732616.2,70,44
1358,24.822483,120.966039,3,TRUE,新竹市,0,246567,2746116.2,73,33
1359,24.822463,120.914635,3,TRUE,新竹市,0,241370.9,2746116.2,73,32
1360,24.781858,120.991743,3,TRUE,新竹市,0,249165.1,2741616.2,72,34
1361,24.781847,120.940356,3,TRUE,新竹市,0,243968.9,2741616.2,72,33
1362,24.741205,120.91469,3,TRUE,新竹市,0,241370.9,2737116.2,71,32
1363,24.903743,121.017454,3,TRUE,新竹縣,0,251763.2,2755116.2,75,34
1364,24.90374,120.966016,3,TRUE,新竹縣,0,246567,2755116.2,75,33
1365,24.863116,120.991738,3,TRUE,新竹縣,0,249165.1,2750616.2,74,34
1366,24.86311,121.043159,3,TRUE,新竹縣,0,254361.3,2750616.2,74,35
1367,24.863104,120.940317,3,TRUE,新竹縣,0,243968.9,2750616.2,74,33
1368,24.863086,121.094579,3,TRUE,新竹縣,0,259557.4,2750616.2,74,36
1369,24.863044,121.146,3,TRUE,新竹縣,0,264753.6,2750616.2,74,37
1370,24.822486,121.017443,3,TRUE,新竹縣,0,251763.2,2746116.2,73,34
1371,24.822471,121.068847,3,TRUE,新竹縣,0,256959.3,2746116.2,73,35
1372,24.822439,121.120251,3,TRUE,新竹縣,0,262155.5,2746116.2,73,36
1373,24.822389,121.171654,3,TRUE,新竹縣,0,267351.6,2746116.2,73,37
1374,24.781852,121.043131,3,TRUE,新竹縣,0,254361.3,2741616.2,72,35
1375,24.781829,121.094518,3,TRUE,新竹縣,0,259557.4,2741616.2,72,36
1376,24.781787,121.145905,3,TRUE,新竹縣,0,264753.6,2741616.2,72,37
1377,24.781728,121.197292,3,TRUE,新竹縣,0,269949.7,2741616.2,72,38
1378,24.781652,121.248679,3,TRUE,新竹縣,0,275145.9,2741616.2,72,39
1379,24.741228,121.017431,3,TRUE,新竹縣,0,251763.2,2737116.2,71,34
1380,24.741226,120.966061,3,TRUE,新竹縣,0,246567,2737116.2,71,33
1381,24.741214,121.068802,3,TRUE,新竹縣,0,256959.3,2737116.2,71,35
1382,24.741181,121.120172,3,TRUE,新竹縣,0,262155.5,2737116.2,71,36
1383,24.741131,121.171543,3,TRUE,新竹縣,0,267351.6,2737116.2,71,37
1384,24.741064,121.222913,3,TRUE,新竹縣,0,272547.8,2737116.2,71,38
1385,24.740978,121.274283,3,TRUE,新竹縣,0,277743.9,2737116.2,71,39
1386,24.7006,120.991749,3,TRUE,新竹縣,0,249165.1,2732616.2,70,34
1387,24.700594,121.043103,3,TRUE,新竹縣,0,254361.3,2732616.2,70,35
1388,24.70057,121.094456,3,TRUE,新竹縣,0,259557.4,2732616.2,70,36
1389,24.700529,121.14581,3,TRUE,新竹縣,0,264753.6,2732616.2,70,37
1390,24.700471,121.197164,3,TRUE,新竹縣,0,269949.7,2732616.2,70,38
1391,24.700394,121.248517,3,TRUE,新竹縣,0,275145.9,2732616.2,70,39
1392,24.700301,121.29987,3,TRUE,新竹縣,0,280342,2732616.2,70,40
1393,24.65997,121.01742,3,TRUE,新竹縣,0,251763.2,2728116.2,69,34
1394,24.659955,121.068757,3,TRUE,新竹縣,0,256959.3,2728116.2,69,35
1395,24.659923,121.120094,3,TRUE,新竹縣,0,262155.5,2728116.2,69,36
1396,24.659873,121.171431,3,TRUE,新竹縣,0,267351.6,2728116.2,69,37
1397,24.659806,121.222768,3,TRUE,新竹縣,0,272547.8,2728116.2,69,38
1398,24.659721,121.274105,3,TRUE,新竹縣,0,277743.9,2728116.2,69,39
1399,24.659618,121.325441,3,TRUE,新竹縣,0,282940.1,2728116.2,69,40
1400,24.619311,121.094395,3,TRUE,新竹縣,0,259557.4,2723616.2,68,36
1401,24.61927,121.145716,3,TRUE,新竹縣,0,264753.6,2723616.2,68,37
1402,24.619212,121.197036,3,TRUE,新竹縣,0,269949.7,2723616.2,68,38
1403,24.619136,121.248356,3,TRUE,新竹縣,0,275145.9,2723616.2,68,39
1404,24.619043,121.299676,3,TRUE,新竹縣,0,280342,2723616.2,68,40
1405,24.618932,121.350996,3,TRUE,新竹縣,0,285538.2,2723616.2,68,41
1406,24.578663,121.120017,3,TRUE,新竹縣,0,262155.5,2719116.2,67,36
1407,24.578614,121.171321,3,TRUE,新竹縣,0,267351.6,2719116.2,67,37
1408,24.578547,121.222624,3,TRUE,新竹縣,0,272547.8,2719116.2,67,38
1409,24.578462,121.273928,3,TRUE,新竹縣,0,277743.9,2719116.2,67,39
1410,24.57836,121.325231,3,TRUE,新竹縣,0,282940.1,2719116.2,67,40
1411,24.578241,121.376534,3,TRUE,新竹縣,0,288136.2,2719116.2,67,41
1412,24.538051,121.094334,3,TRUE,新竹縣,0,259557.4,2714616.2,66,36
1413,24.538011,121.145622,3,TRUE,新竹縣,0,264753.6,2714616.2,66,37
1414,24.537952,121.196909,3,TRUE,新竹縣,0,269949.7,2714616.2,66,38
1415,24.537877,121.248196,3,TRUE,新竹縣,0,275145.9,2714616.2,66,39
1416,24.537784,121.299483,3,TRUE,新竹縣,0,280342,2714616.2,66,40
1417,24.537673,121.35077,3,TRUE,新竹縣,0,285538.2,2714616.2,66,41
1418,24.497287,121.222481,3,TRUE,新竹縣,0,272547.8,2710116.2,65,38
1419,24.497203,121.273752,3,TRUE,新竹縣,0,277743.9,2710116.2,65,39
1420,24.497101,121.325022,3,TRUE,新竹縣,0,282940.1,2710116.2,65,40
1421,24.456524,121.299291,3,TRUE,新竹縣,0,280342,2705616.2,64,40
1422,23.480765,120.483131,3,TRUE,嘉義市,0,197203.6,2597616.2,40,24
1423,23.480588,120.432263,3,TRUE,嘉義市,0,192007.4,2597616.2,40,23
1424,23.603347,120.762692,3,TRUE,嘉義縣,0,225782.4,2611116.2,43,29
1425,23.602749,120.508112,3,TRUE,嘉義縣,0,199801.7,2611116.2,43,24
1426,23.60258,120.457197,3,TRUE,嘉義縣,0,194605.5,2611116.2,43,23
1427,23.602393,120.406282,3,TRUE,嘉義縣,0,189409.3,2611116.2,43,22
1428,23.562749,120.788215,3,TRUE,嘉義縣,0,228380.5,2606616.2,42,30
1429,23.562671,120.737314,3,TRUE,嘉義縣,0,223184.3,2606616.2,42,29
1430,23.562577,120.686413,3,TRUE,嘉義縣,0,217988.2,2606616.2,42,28
1431,23.562466,120.635513,3,TRUE,嘉義縣,0,212792,2606616.2,42,27
1432,23.562338,120.584613,3,TRUE,嘉義縣,0,207595.9,2606616.2,42,26
1433,23.562194,120.533713,3,TRUE,嘉義縣,0,202399.7,2606616.2,42,25
1434,23.562033,120.482813,3,TRUE,嘉義縣,0,197203.6,2606616.2,42,24
1435,23.561855,120.431914,3,TRUE,嘉義縣,0,192007.4,2606616.2,42,23
1436,23.561661,120.381016,3,TRUE,嘉義縣,0,186811.3,2606616.2,42,22
1437,23.56145,120.330118,3,TRUE,嘉義縣,0,181615.1,2606616.2,42,21
1438,23.522146,120.813723,3,TRUE,嘉義縣,0,230978.6,2602116.2,41,30
1439,23.522077,120.762838,3,TRUE,嘉義縣,0,225782.4,2602116.2,41,29
1440,23.521991,120.711952,3,TRUE,嘉義縣,0,220586.3,2602116.2,41,28
1441,23.521889,120.661067,3,TRUE,嘉義縣,0,215390.1,2602116.2,41,27
1442,23.52177,120.610183,3,TRUE,嘉義縣,0,210194,2602116.2,41,26
1443,23.521634,120.559298,3,TRUE,嘉義縣,0,204997.8,2602116.2,41,25
1444,23.521482,120.508414,3,TRUE,嘉義縣,0,199801.7,2602116.2,41,24
1445,23.521313,120.457531,3,TRUE,嘉義縣,0,194605.5,2602116.2,41,23
1446,23.521127,120.406648,3,TRUE,嘉義縣,0,189409.3,2602116.2,41,22
1447,23.520925,120.355765,3,TRUE,嘉義縣,0,184213.2,2602116.2,41,21
1448,23.520706,120.304883,3,TRUE,嘉義縣,0,179017,2602116.2,41,20
1449,23.52047,120.254002,3,TRUE,嘉義縣,0,173820.9,2602116.2,41,19
1450,23.481478,120.788345,3,TRUE,嘉義縣,0,228380.5,2597616.2,40,30
1451,23.481401,120.737476,3,TRUE,嘉義縣,0,223184.3,2597616.2,40,29
1452,23.481307,120.686606,3,TRUE,嘉義縣,0,217988.2,2597616.2,40,28
1453,23.481196,120.635737,3,TRUE,嘉義縣,0,212792,2597616.2,40,27
1454,23.481069,120.584868,3,TRUE,嘉義縣,0,207595.9,2597616.2,40,26
1455,23.480925,120.533999,3,TRUE,嘉義縣,0,202399.7,2597616.2,40,25
1456,23.480395,120.381396,3,TRUE,嘉義縣,0,186811.3,2597616.2,40,22
1457,23.480184,120.330529,3,TRUE,嘉義縣,0,181615.1,2597616.2,40,21
1458,23.479958,120.279663,3,TRUE,嘉義縣,0,176419,2597616.2,40,20
1459,23.479714,120.228798,3,TRUE,嘉義縣,0,171222.8,2597616.2,40,19
1460,23.479454,120.177933,3,TRUE,嘉義縣,0,166026.7,2597616.2,40,18
1461,23.440927,120.864692,3,TRUE,嘉義縣,0,236174.7,2593116.2,39,31
1462,23.440875,120.813837,3,TRUE,嘉義縣,0,230978.6,2593116.2,39,30
1463,23.440806,120.762983,3,TRUE,嘉義縣,0,225782.4,2593116.2,39,29
1464,23.440721,120.712129,3,TRUE,嘉義縣,0,220586.3,2593116.2,39,28
1465,23.440618,120.661275,3,TRUE,嘉義縣,0,215390.1,2593116.2,39,27
1466,23.4405,120.610421,3,TRUE,嘉義縣,0,210194,2593116.2,39,26
1467,23.440365,120.559568,3,TRUE,嘉義縣,0,204997.8,2593116.2,39,25
1468,23.440213,120.508715,3,TRUE,嘉義縣,0,199801.7,2593116.2,39,24
1469,23.440045,120.457863,3,TRUE,嘉義縣,0,194605.5,2593116.2,39,23
1470,23.43986,120.407011,3,TRUE,嘉義縣,0,189409.3,2593116.2,39,22
1471,23.439658,120.35616,3,TRUE,嘉義縣,0,184213.2,2593116.2,39,21
1472,23.43944,120.305309,3,TRUE,嘉義縣,0,179017,2593116.2,39,20
1473,23.439206,120.254459,3,TRUE,嘉義縣,0,173820.9,2593116.2,39,19
1474,23.438954,120.203609,3,TRUE,嘉義縣,0,168624.7,2593116.2,39,18
1475,23.438687,120.152761,3,TRUE,嘉義縣,0,163428.6,2593116.2,39,17
1476,23.400267,120.839314,3,TRUE,嘉義縣,0,233576.6,2588616.2,38,31
1477,23.400207,120.788475,3,TRUE,嘉義縣,0,228380.5,2588616.2,38,30
1478,23.40013,120.737636,3,TRUE,嘉義縣,0,223184.3,2588616.2,38,29
1479,23.400036,120.686798,3,TRUE,嘉義縣,0,217988.2,2588616.2,38,28
1480,23.399926,120.635959,3,TRUE,嘉義縣,0,212792,2588616.2,38,27
1481,23.399799,120.585121,3,TRUE,嘉義縣,0,207595.9,2588616.2,38,26
1482,23.399656,120.534284,3,TRUE,嘉義縣,0,202399.7,2588616.2,38,25
1483,23.399496,120.483447,3,TRUE,嘉義縣,0,197203.6,2588616.2,38,24
1484,23.398918,120.330939,3,TRUE,嘉義縣,0,181615.1,2588616.2,38,21
1485,23.398692,120.280104,3,TRUE,嘉義縣,0,176419,2588616.2,38,20
1486,23.39845,120.229269,3,TRUE,嘉義縣,0,171222.8,2588616.2,38,19
1487,23.398191,120.178436,3,TRUE,嘉義縣,0,166026.7,2588616.2,38,18
1488,23.359534,120.763128,3,TRUE,嘉義縣,0,225782.4,2584116.2,37,29
1489,23.359449,120.712304,3,TRUE,嘉義縣,0,220586.3,2584116.2,37,28
1490,23.359347,120.661482,3,TRUE,嘉義縣,0,215390.1,2584116.2,37,27
1491,23.359229,120.610659,3,TRUE,嘉義縣,0,210194,2584116.2,37,26
1492,23.359095,120.559837,3,TRUE,嘉義縣,0,204997.8,2584116.2,37,25
1493,23.35794,120.254914,3,TRUE,嘉義縣,0,173820.9,2584116.2,37,19
1494,23.35769,120.204095,3,TRUE,嘉義縣,0,168624.7,2584116.2,37,18
1495,23.357423,120.153277,3,TRUE,嘉義縣,0,163428.6,2584116.2,37,17
1496,23.318858,120.737796,3,TRUE,嘉義縣,0,223184.3,2579616.2,36,29
1497,23.318764,120.686988,3,TRUE,嘉義縣,0,217988.2,2579616.2,36,28
1498,23.318655,120.636181,3,TRUE,嘉義縣,0,212792,2579616.2,36,27
1499,23.318528,120.585374,3,TRUE,嘉義縣,0,207595.9,2579616.2,36,26
1500,23.318386,120.534567,3,TRUE,嘉義縣,0,202399.7,2579616.2,36,25
1501,23.317184,120.229739,3,TRUE,嘉義縣,0,171222.8,2579616.2,36,19
1502,23.316926,120.178936,3,TRUE,嘉義縣,0,166026.7,2579616.2,36,18
1503,23.277958,120.610896,3,TRUE,嘉義縣,0,210194,2575116.2,35,26
1504,23.277824,120.560104,3,TRUE,嘉義縣,0,204997.8,2575116.2,35,25
1505,23.237382,120.636402,3,TRUE,嘉義縣,0,212792,2570616.2,34,27
1506,23.237257,120.585626,3,TRUE,嘉義縣,0,207595.9,2570616.2,34,26
1507,23.237115,120.53485,3,TRUE,嘉義縣,0,202399.7,2570616.2,34,25
1508,24.1716,120.505956,3,TRUE,彰化縣,0,199801.7,2674116.2,57,24
1509,24.130884,120.480551,3,TRUE,彰化縣,0,197203.6,2669616.2,56,24
1510,24.130702,120.42943,3,TRUE,彰化縣,0,192007.4,2669616.2,56,23
1511,24.090634,120.608481,3,TRUE,彰化縣,0,210194,2665116.2,55,26
1512,24.090495,120.557374,3,TRUE,彰化縣,0,204997.8,2665116.2,55,25
1513,24.090338,120.506268,3,TRUE,彰化縣,0,199801.7,2665116.2,55,24
1514,24.090165,120.455163,3,TRUE,彰化縣,0,194605.5,2665116.2,55,23
1515,24.049935,120.583059,3,TRUE,彰化縣,0,207595.9,2660616.2,54,26
1516,24.049787,120.531969,3,TRUE,彰化縣,0,202399.7,2660616.2,54,25
1517,24.049622,120.480879,3,TRUE,彰化縣,0,197203.6,2660616.2,54,24
1518,24.049441,120.42979,3,TRUE,彰化縣,0,192007.4,2660616.2,54,23
1519,24.009492,120.659802,3,TRUE,彰化縣,0,215390.1,2656116.2,53,27
1520,24.00937,120.608727,3,TRUE,彰化縣,0,210194,2656116.2,53,26
1521,24.009231,120.557653,3,TRUE,彰化縣,0,204997.8,2656116.2,53,25
1522,24.009075,120.506579,3,TRUE,彰化縣,0,199801.7,2656116.2,53,24
1523,24.008903,120.455505,3,TRUE,彰化縣,0,194605.5,2656116.2,53,23
1524,24.008713,120.404432,3,TRUE,彰化縣,0,189409.3,2656116.2,53,22
1525,24.008506,120.35336,3,TRUE,彰化縣,0,184213.2,2656116.2,53,21
1526,23.968801,120.634379,3,TRUE,彰化縣,0,212792,2651616.2,52,27
1527,23.968671,120.583321,3,TRUE,彰化縣,0,207595.9,2651616.2,52,26
1528,23.968524,120.532263,3,TRUE,彰化縣,0,202399.7,2651616.2,52,25
1529,23.96836,120.481205,3,TRUE,彰化縣,0,197203.6,2651616.2,52,24
1530,23.968179,120.430148,3,TRUE,彰化縣,0,192007.4,2651616.2,52,23
1531,23.967981,120.379091,3,TRUE,彰化縣,0,186811.3,2651616.2,52,22
1532,23.967766,120.328035,3,TRUE,彰化縣,0,181615.1,2651616.2,52,21
1533,23.928106,120.608972,3,TRUE,彰化縣,0,210194,2647116.2,51,26
1534,23.927967,120.55793,3,TRUE,彰化縣,0,204997.8,2647116.2,51,25
1535,23.927812,120.506888,3,TRUE,彰化縣,0,199801.7,2647116.2,51,24
1536,23.92764,120.455847,3,TRUE,彰化縣,0,194605.5,2647116.2,51,23
1537,23.927451,120.404806,3,TRUE,彰化縣,0,189409.3,2647116.2,51,22
1538,23.927244,120.353765,3,TRUE,彰化縣,0,184213.2,2647116.2,51,21
1539,23.887406,120.583581,3,TRUE,彰化縣,0,207595.9,2642616.2,50,26
1540,23.88726,120.532555,3,TRUE,彰化縣,0,202399.7,2642616.2,50,25
1541,23.887096,120.481529,3,TRUE,彰化縣,0,197203.6,2642616.2,50,24
1542,23.886916,120.430504,3,TRUE,彰化縣,0,192007.4,2642616.2,50,23
1543,23.886718,120.379479,3,TRUE,彰化縣,0,186811.3,2642616.2,50,22
1544,23.886504,120.328455,3,TRUE,彰化縣,0,181615.1,2642616.2,50,21
1545,23.84684,120.609217,3,TRUE,彰化縣,0,210194,2638116.2,49,26
1546,23.846702,120.558206,3,TRUE,彰化縣,0,204997.8,2638116.2,49,25
1547,23.846548,120.507196,3,TRUE,彰化縣,0,199801.7,2638116.2,49,24
1548,23.846376,120.456186,3,TRUE,彰化縣,0,194605.5,2638116.2,49,23
1549,23.846188,120.405177,3,TRUE,彰化縣,0,189409.3,2638116.2,49,22
1550,23.845982,120.354169,3,TRUE,彰化縣,0,184213.2,2638116.2,49,21
1551,23.84576,120.303161,3,TRUE,彰化縣,0,179017,2638116.2,49,20
1552,23.845521,120.252154,3,TRUE,彰化縣,0,173820.9,2638116.2,49,19
1553,23.80627,120.634836,3,TRUE,彰化縣,0,212792,2633616.2,48,27
1554,23.80614,120.583841,3,TRUE,彰化縣,0,207595.9,2633616.2,48,26
1555,23.805994,120.532847,3,TRUE,彰化縣,0,202399.7,2633616.2,48,25
1556,23.637053,119.514953,3,TRUE,澎湖縣,0,98476.7,2615616.2,44,5
1557,23.556748,119.617634,3,TRUE,澎湖縣,0,108869,2606616.2,42,7
1558,23.515897,119.592624,3,TRUE,澎湖縣,0,106270.9,2602116.2,41,6
